Create Database sqr_factor;

Use sqr_factor;

Create Table mstr_college_list (
colCode     varchar(20)  NOT NULL,
colName     varchar(500) NOT NULL,
PRIMARY KEY (colCode)
);  

Insert into mstr_college_list values ('AP02','College of Engineering,Visakhapatnam');
Insert into mstr_college_list values ('AP05','S.A.R. College of Architecture,Krishna District');
Insert into mstr_college_list values ('AP08','ANU College of Architecture & Planning,Guntur');
Insert into mstr_college_list values ('AP11','Gandhi Institute of Technology and Management,Visakhapatnam');
Insert into mstr_college_list values ('AP14','Varaha College of Architecture & Planning,Visakhapatnam');
Insert into mstr_college_list values ('AP18','School of Planning and Architecture, Vijayawada');
Insert into mstr_college_list values ('AP19','M.R.K.College of Architecture,Veeravasara Mandalam');
Insert into mstr_college_list values ('AP20','Maestro School of Planning and Architecture,Vijayawada');
Insert into mstr_college_list values ('AP21','K.L.E.F.University,Guntur');
Insert into mstr_college_list values ('AP22','Vaishnavi School of Architecture and Planning ,Vijayawada');
Insert into mstr_college_list values ('AR01','Indira Gandhi Technological and Medical Sciences University, Ziro');
Insert into mstr_college_list values ('AR02','School of Planning, Architecture & Design, Apex Professional University, Pasighat');
Insert into mstr_college_list values ('AS01','Guwahati College of Architecture, Guwahati');
Insert into mstr_college_list values ('AS02','Royal School of Architecture, Guwahati');
Insert into mstr_college_list values ('BR01','National Institute of Technology, Patna');
Insert into mstr_college_list values ('BR03','Birla Institute of Technology, Patna');
Insert into mstr_college_list values ('CG01','National Institute of Technology, Raipur');
Insert into mstr_college_list values ('CG03','Dignity College of Architecture, Durg');
Insert into mstr_college_list values ('CG08','Amity School of Architecture and Planning, Raipur');
Insert into mstr_college_list values ('CH01','Chandigarh College of Architecture, Chandigarh');
Insert into mstr_college_list values ('DL01','School of Planning & Architecture, New Delhi');
Insert into mstr_college_list values ('DL03','Vastu Kala Academy, New Delhi');
Insert into mstr_college_list values ('DL04','Jamia Millia Islamia, New Delh'); 
Insert into mstr_college_list values ('DL06','University School of Architecture & Planning, Delhi');
Insert into mstr_college_list values ('DL07','MBS School of Planning and Architecture, New Delhi');
Insert into mstr_college_list values ('DL08','K.R.Mangalam School of Architecture & Planning, New Delhi');
Insert into mstr_college_list values ('DL09','Indira Gandhi Delhi Technical University for Women, Delhi');
Insert into mstr_college_list values ('GA01','Goa College of Architecture, Panaji');
Insert into mstr_college_list values ('GJ01','M.S. University of Baroda, Vadodara');
Insert into mstr_college_list values ('GJ02','Centre for Environmental Planning & Technology University (CEPT University), Ahmedabad');
Insert into mstr_college_list values ('GJ03','D.C. Patel School of Architecture, Vidhyanagar');
Insert into mstr_college_list values ('GJ04','Sarvajanik College of Engineering & Technology, Surat');
Insert into mstr_college_list values ('GJ05','Sardar Vallabhai Patel Institute of Technology, Anand Distric');
Insert into mstr_college_list values ('GJ06','Vyavasay Vidya Pratishthan''''s Indubhai Parekh School of Architecture, Rajkot');
Insert into mstr_college_list values ('GJ07','SOA Vadodara Design Academy, Vadodara');
Insert into mstr_college_list values ('GJ08','Institute of Architecture Hemchandracharya North Gujarat University, Patan');
Insert into mstr_college_list values ('GJ09','Shri Gijubhai Chhaganbhai Patel Institute of Architecture, Interior Design and Fine Arts, Surat');
Insert into mstr_college_list values ('GJ10','Grow More School of Architecture, Sabarkantha District');
Insert into mstr_college_list values ('GJ11','Anant Institute of Architecture, Ahmedabad');
Insert into mstr_college_list values ('GJ12','School of Design and Architecture Navrachana University, Vadodara');
Insert into mstr_college_list values ('GJ13','Parul Institute of Architecture and Research, Vadodara');
Insert into mstr_college_list values ('GJ14','ITM School of Architecture Art and Design, Vadodara District');
Insert into mstr_college_list values ('GJ15','Shantaben Manubhai Patel School of Studies and Research in Architecture and Interior Design, Anand District');
Insert into mstr_college_list values ('GJ16','Institute of Design, Environment & Architecture Indus University, Gandhinagar');
Insert into mstr_college_list values ('GJ17','Bhagwan Mahavir College of Architecture, Surat');
Insert into mstr_college_list values ('GJ18','L.J. School of Architecture, Ahmedabad');
Insert into mstr_college_list values ('GJ19','Raman Bhakta School of Architecture, Surat District');
Insert into mstr_college_list values ('GJ20','Institute of Architecture Nirma University, Ahmedabad');
Insert into mstr_college_list values ('GJ21','Laxmi Institute of Architecture, Valsad');
Insert into mstr_college_list values ('GJ22','Kalol Institute of Architecture & Design, Gandhinagar District');
Insert into mstr_college_list values ('GJ23','Venus Institute of Design & Architecture, Gandhinagar');
Insert into mstr_college_list values ('GJ24','Sal School of Architecture, Ahmedabad'); 
Insert into mstr_college_list values ('GJ25','Institute of Architecture Ganpat University, Kherva Mehsana');
Insert into mstr_college_list values ('GJ26','VJKM Institute of Architecture and Design, Mehsana District');
Insert into mstr_college_list values ('GJ27','Vidyamandir College of Architecture for Women, Surat District');
Insert into mstr_college_list values ('GJ28','Marwadi Education Foundation''''s Group of Institutions, Faculty of Architecture, Rajkot');
Insert into mstr_college_list values ('HP01','National Institute of Technology, Hamirpur');
Insert into mstr_college_list values ('HP03','IEC School of Architecture, Solan District');
Insert into mstr_college_list values ('HP04','Maharaja Agrasen School of Architecture & Design, Solan District');
Insert into mstr_college_list values ('HP05','APG School of Architecture, Shimla');
Insert into mstr_college_list values ('HR01','Sushant School of Art & Architecture, Gurgaon');
Insert into mstr_college_list values ('HR02','Deenbandhu Chhotu Ram University of Science & Technology, Murthal');
Insert into mstr_college_list values ('HR03','Gateway College of Architecture & Design, Sonepat');
Insert into mstr_college_list values ('HR04','Sat Priya School of Architecture and Design, Rohtak');
Insert into mstr_college_list values ('HR05','Budha College of Architecture, Karnal District');
Insert into mstr_college_list values ('HR06','R.P. Educational Trust Group of Institutions, Karnal');
Insert into mstr_college_list values ('HR07','ICL Institute of Architecture and Town Planning, Ambala District');
Insert into mstr_college_list values ('HR08','Lingaya''''s University''''s School of Architecture, Faridabad');
Insert into mstr_college_list values ('HR09','Om Institute of Architecture & Design, Hisar');
Insert into mstr_college_list values ('HR10','Savera College of Architecture, Gurgaon');
Insert into mstr_college_list values ('HR11','Ganga Institute of Architecture & Town Planning, Jhajjar District');
Insert into mstr_college_list values ('HR12','Maharishi Markandeshwar University, Ambala');
Insert into mstr_college_list values ('HR13','Amity School of Architecture & Planning, Gurgaon District');
Insert into mstr_college_list values ('HR14','Hindu School of Architecture, Sonepa');
Insert into mstr_college_list values ('HR15','State Institute of Urban Planning & Architecture, Rohtak');
Insert into mstr_college_list values ('HR16','South Point School of Architecture, Sonipat');
Insert into mstr_college_list values ('HR17','CCLS College of Architecture & Design, Rohtak');
Insert into mstr_college_list values ('HR18','P.M.College of Architecture, Sonepat');
Insert into mstr_college_list values ('HR19','Rabindranath Tagore Institute of Architecture & Design, Faridabad');
Insert into mstr_college_list values ('HR20','Narendra College of Architecture, Ballabhgarh');
Insert into mstr_college_list values ('HR21','K.R.Mangalam University, Gurgaon');
Insert into mstr_college_list values ('HR22','Bhagwan Mahaveer School of Architecture, SOnepat');
Insert into mstr_college_list values ('HR23','P.D.M. School of Architecture & Town Planning, Jhajjar District');
Insert into mstr_college_list values ('HR24','South Point College of Architecture , Sonepat');
Insert into mstr_college_list values ('HR26','Delhi Institute of Architecture & Planning, Faridabad');
Insert into mstr_college_list values ('HR27','Manav Rachna International University, Faridabad');
Insert into mstr_college_list values ('HR28','Jagan Nath University, Jhajjar');
Insert into mstr_college_list values ('HR29','Al-Falah School of Architecture & Design, Faridabad');
Insert into mstr_college_list values ('JK01','Shri Mata Vaishno Devi University Kakryal, Katra-182320 J&K ');
Insert into mstr_college_list values ('JH01','Faculty of Architecture Birla Institute of Technology ,Ranchi');
Insert into mstr_college_list values ('JH02','Awadh College of Architecture ,Jamshedpur');
Insert into mstr_college_list values ('sign','School of Architecture & Landscape');
Insert into mstr_college_list values ('KA01','Visvesvaraya College of Engineering Bangalore University ,Bangalore');
Insert into mstr_college_list values ('KA02','Manipal School of Architecture & Planning ,Manipal');
Insert into mstr_college_list values ('KA03','BMS College of Engineering ,Bangalore');
Insert into mstr_college_list values ('KA05','KLE Technological University ,Hubli');
Insert into mstr_college_list values ('KA06','Poojya Doddappa Appa College of Engineering ,Gulbarga');
Insert into mstr_college_list values ('KA07','Dayananda Sagar College of Engineering ,Bangalore');
Insert into mstr_college_list values ('KA08','Dr. P. G. Halakatti College of Engineering & Technology ,Bijapur');
Insert into mstr_college_list values ('KA09','Malik Sandal Institute of Art & Architecture ,Bijapur');
Insert into mstr_college_list values ('KA11','MS Ramaiah Institute of Technology ,Bangalore');
Insert into mstr_college_list values ('KA12','R.V. College of Architecture (RVCA) ,Bangalore');
Insert into mstr_college_list values ('KA13','Siddaganga Institute of Technology Campus ,Tumkur');
Insert into mstr_college_list values ('KA14','Gogte Institute of Technology ,Belgaum');
Insert into mstr_college_list values ('KA15','The University School of Design ,Mysore');
Insert into mstr_college_list values ('KA16','Acharya''s NRV School of Architecture ,Bangalore');
Insert into mstr_college_list values ('KA17','BMS School of Architecture ,Bangalore');
Insert into mstr_college_list values ('KA18','Aakar Academy of Architecture ,Bangalore');
Insert into mstr_college_list values ('KA19','The Oxford School of Architecture ,Bangalore');
Insert into mstr_college_list values ('KA21','Srinivas Institute of Technology ,Mangalore');
Insert into mstr_college_list values ('KA22','Dayananda Sagar Academy of Technology and Management ,Bangalore');
Insert into mstr_college_list values ('KA24','SJB School of Architecture & Planning ,Bangalore');
Insert into mstr_college_list values ('KA25','IMPACT School of Architecture ,Bangalore');
Insert into mstr_college_list values ('KA26','Best School of Architecture ,Tumkur');
Insert into mstr_college_list values ('KA27','Gopalan School of Architecture and Planning ,Bangalore');
Insert into mstr_college_list values ('KA28','R.R.School of Architecture ,Bangalore');
Insert into mstr_college_list values ('KA29','Mysore School of Architecture ,Mysore');
Insert into mstr_college_list values ('KA30','BGS School of Architecture and Planning ,Bangalore');
Insert into mstr_college_list values ('KA31','Bearys Enviro-Architecture Design School ,Mangalore');
Insert into mstr_college_list values ('KA32','Nitte Institute of Architecture ,Mangalore');
Insert into mstr_college_list values ('KA33','K.S.School of Architecture ,Bangalore');
Insert into mstr_college_list values ('KA34','Wadiyar Centre For Architecture ,Mysuru');
Insert into mstr_college_list values ('KA35','Aditya Academy of Architecture & Design ,Bangalore');
Insert into mstr_college_list values ('KA36','School of Architecture, Reva University ,Bangalore');
Insert into mstr_college_list values ('KA37','CMR University ,Bangalore');
Insert into mstr_college_list values ('KA38','HMS Institute of Technology ,Tumkur');
Insert into mstr_college_list values ('KL01','College of Engineering, Trivandrum');
Insert into mstr_college_list values ('KL02','TKM College of Engineering, Kollam');
Insert into mstr_college_list values ('KL03','MES College of Engineering, Malappuram District');
Insert into mstr_college_list values ('KL04','National Institute of Technology, Calicut');
Insert into mstr_college_list values ('KL05','Government Engineering College, Thrissur');
Insert into mstr_college_list values ('KL07','Devaki Amma''s Guruvayurappan College of Architecture, Malappuram District');
Insert into mstr_college_list values ('KL08','Bishop Jerome School of Architecture & Design, Kollam');
Insert into mstr_college_list values ('KL09','Rajiv Gandhi Institute of Technology, Kottayam');
Insert into mstr_college_list values ('KL10','Holy Crescent College of Architecture,Alwaye');
Insert into mstr_college_list values ('KL11','TKM School of Architecture, Kollam');
Insert into mstr_college_list values ('KL12','College of Architecture, Tivandrum');
Insert into mstr_college_list values ('KL14','IES College of Architecture, Thrissur');
Insert into mstr_college_list values ('KL15','Al Salama Institute of Architecture, Malappuram District');
Insert into mstr_college_list values ('KL16','Sneha College of Architecture, Palakkad District');
Insert into mstr_college_list values ('KL17','College of Engineering and Technology, Kannur District');
Insert into mstr_college_list values ('KL18','Asian School of Architecture and Design, Cochin');
Insert into mstr_college_list values ('KL19','Global Institute of Architecture, Palakkad District');
Insert into mstr_college_list values ('KL21','KMCT College of Architecture, Calicut District');
Insert into mstr_college_list values ('KL22','KMEA College of Architecture, Kochi');
Insert into mstr_college_list values ('KL23','School of Architecture Mookambika Technical Campus, Ernakulam District');
Insert into mstr_college_list values ('KL24','MES College of Architecture, Calicut');
Insert into mstr_college_list values ('KL26','Marian College of Architecture & Planning, Trivandrum');
Insert into mstr_college_list values ('KL27','Mangalam School of Architecture and Planning,Kottayam');
Insert into mstr_college_list values ('KL28','Nizar Rahim and Mark School of Architecture, Kollam');
Insert into mstr_college_list values ('KL29','Eranad Knowledge City College of Architecture, Malappuram District');
Insert into mstr_college_list values ('KL30','SCMS School of Architecture, Ernakulam');
Insert into mstr_college_list values ('KL31','Vedavyasa College of Architecture, Malappuram District');
Insert into mstr_college_list values ('KL32','Thejus College of Architecture, Thrissur');
Insert into mstr_college_list values ('KL34','D C School of Architecture and Design, Idukki District');
Insert into mstr_college_list values ('KL35','Avani Institute of Design, Calicut');
Insert into mstr_college_list values ('KL36','Talent Institute of Architecture (TIBA), Edappal');
Insert into mstr_college_list values ('KL37','Nehru College of Architecture, Palakkad');
Insert into mstr_college_list values ('MH01','Sir J.J.College of Architecture, Mumbai');
Insert into mstr_college_list values ('MH02','L.S.Raheja School of Architecture, Mumbai');
Insert into mstr_college_list values ('MH03','Academy of Architecture, Mumbai');
Insert into mstr_college_list values ('MH04','Visvesvaraya National Institute of Technology, Nagpur');
Insert into mstr_college_list values ('MH05','BKPS College of Architecture, Pune');
Insert into mstr_college_list values ('MH06','College of Engineering & Technology, Akola');
Insert into mstr_college_list values ('MH07','D.Y.Patil College of Engineering & Technology, Kolhapur');
Insert into mstr_college_list values ('MH08','G.S.Mandal''s Marathwada Institute of Technology, Aurangabad');
Insert into mstr_college_list values ('MH09','Shri Prince Shivaji Maratha Boarding House''s College of Architecture, Kolhapur');
Insert into mstr_college_list values ('MH10','Marathwada Mitra Mandal''s College of Architecture, Pune');
Insert into mstr_college_list values ('MH11','Manoharbhai Patel Institute of Engineering & Technology, Gondia');
Insert into mstr_college_list values ('MH12','Jawahar Lal Nehru Engineering College, Aurangabad');
Insert into mstr_college_list values ('MH13','MVP Samaj''s College of Architecture, Nasik');
Insert into mstr_college_list values ('MH14','Bharati Vidyapeeth''s College of Architecture, Navi Mumbai');
Insert into mstr_college_list values ('MH15','Kamla Raheja Vidyanidhi Institute for Architecture & Environmental Studies, Mumbai');
Insert into mstr_college_list values ('MH16','Dr.D.Y.Patil College of Architecture, Navi Mumbai');
Insert into mstr_college_list values ('MH17','Pillais College of Architecture, New Panvel');
Insert into mstr_college_list values ('MH18','Rizvi College of Architecture, Mumbai');
Insert into mstr_college_list values ('MH19','Bharati Vidyapeeth University''s College of Architecture, Pune');
Insert into mstr_college_list values ('MH20','Smt.Manoramabai Mundle, College of Architecture, Nagpur');
Insert into mstr_college_list values ('MH21','Dr.Bhanuben Nanavati College of Architecture for Women, Pune');
Insert into mstr_college_list values ('MH23','Shri Siddeshwar Shikshan Mandal''s College of Architecture,Solapur');
Insert into mstr_college_list values ('MH24','Appasaheb Birnale College of Architecture, Sangli');
Insert into mstr_college_list values ('MH25','Kavikulguru Institute of Technology & Science, Nagpur District');
Insert into mstr_college_list values ('MH26','Priyadarshini Institute of Architecture & Design Studies, Nagpur');
Insert into mstr_college_list values ('MH27','Indian Education Society''s College of Architecture, Mumbai');
Insert into mstr_college_list values ('MH28','Dr.Baliram Hiray College of Architecture, Mumbai');
Insert into mstr_college_list values ('MH29','Pravara Rural College of Architecture, Ahmednagar');
Insert into mstr_college_list values ('MH30','Padmabhushan Dr.Vasantdada Patil College of Architecture');
Insert into mstr_college_list values ('MH31','M.C.E.Society''s Allana College of Architecture, Pune');
Insert into mstr_college_list values ('MH32','Padmashree Dr.D.Y.Patil College of Architecture, Pune');
Insert into mstr_college_list values ('MH33','Sinhgad College of Architecture, Pune');
Insert into mstr_college_list values ('MH34','Late Shri Bapuraoji Deshmukh Degree College of Architecture, Wardha District');
Insert into mstr_college_list values ('MH39','Asmita College of Architecture, Thane');
Insert into mstr_college_list values ('MH42','Balwant Sheth School of Architecture, Mumbai');
Insert into mstr_college_list values ('MH44','Shrikrishna Educational & Cultural Mandal''s College of Architecture, Jalgaon');
Insert into mstr_college_list values ('MH45','Samyak Sankalpa College of Architecture, Thane District');
Insert into mstr_college_list values ('MH47','IDEAS-Institute of Design Education & Architecture Studies, Nagpur');
Insert into mstr_college_list values ('MH48','Vidya Vardhan''s Institute of Design Environment and Architecture, Nasik');
Insert into mstr_college_list values ('MH49','Vidya Pratishthan''s School of Architecture, Pune District');
Insert into mstr_college_list values ('MH50','ADA''s Minerva College of Architecture, Pune District');
Insert into mstr_college_list values ('MH51','P.R.Patil College of Architecture, Amravati');
Insert into mstr_college_list values ('MH52','Radhikatai Pandav Institute of Architecture, Nagpur');
Insert into mstr_college_list values ('MH53','VIVA School of Architecture, Virar(E) Palgarh District');
Insert into mstr_college_list values ('MH54','Pillai''s HOC College of Architecture, Raigad');
Insert into mstr_college_list values ('MH55','Anjuman-I-Islam''s Kalsekar Technical Campus, Navi Mumbai');
Insert into mstr_college_list values ('MH56','Dr.DY Patil School of Architecture, Pune');
Insert into mstr_college_list values ('MH57','Lokmanya Tilak Institute of Architecture & Design Studies, Navi Mumbai');
Insert into mstr_college_list values ('MH58','Tulsiramji Gaikwad-Patil College of Architecture, Nagpur');
Insert into mstr_college_list values ('MH59','Oyster College of Architecture, Aurangabad');
Insert into mstr_college_list values ('MH61','St.Wilfred''s Institute of Architecture, Raigad District');
Insert into mstr_college_list values ('MH62','Aayojan School of Architecture and Design, Pune District');
Insert into mstr_college_list values ('MH63','Ojaswini College of Architecture and Design, Jalgaon');
Insert into mstr_college_list values ('MH64','Shri Sharada Bhavan Education Society''s Academy of Architecture, Nanded');
Insert into mstr_college_list values ('MH65','Patel College of Architecture, Aurangabad');
Insert into mstr_college_list values ('MH66','BRICK School of Architecture, Pune District');
Insert into mstr_college_list values ('MH67','Aditya College of Architecture, Mumbai');
Insert into mstr_college_list values ('MH68','Pravara Rural Education Society''s College of Architecture, Nasik District');
Insert into mstr_college_list values ('MH69','Symbiosis School of Planning & Architecture, Pune District');
Insert into mstr_college_list values ('MH70','Smt.Premalati Chavan College of Architecture, Satara District');
Insert into mstr_college_list values ('MH71','Anantrao Pawar College of Architecture, Pune');
Insert into mstr_college_list values ('MH72','IDEAL Institute of Architecture, Thane');
Insert into mstr_college_list values ('MH73','Thakur School of Architecture & Planning, Mumbai');
Insert into mstr_college_list values ('MH74','S.B.Patil College of Architecture & Design, Pune');
Insert into mstr_college_list values ('MH75','D.Y.Patil School of Architecture, Talegaon Pune District');
Insert into mstr_college_list values ('MH76','School of Environment and Architecture, Mumbai');
Insert into mstr_college_list values ('MH77','C.T.E.S.College of Architecture , Mumbai');
Insert into mstr_college_list values ('MH78','Indira College of Architecture and Design, Pune');
Insert into mstr_college_list values ('MH79','Trinity College of Architecture, Pune');
Insert into mstr_college_list values ('MH80','B. R. Harne College of Architecture, Thane District');
Insert into mstr_college_list values ('MH81','Jhulelal Institute of Architecture, Nagpur');
Insert into mstr_college_list values ('MH82','Ideal College of Architecture, Kolhapur District');
Insert into mstr_college_list values ('MH83','Datta Meghe College of Architecture, Nagpur');
Insert into mstr_college_list values ('MH84','Yashoda College of Architecture, Satara');
Insert into mstr_college_list values ('MH85','Amity School of Architecture and Planning, Panvel');
Insert into mstr_college_list values ('MH86','Smt.Kashibai Navale College of Architecture, Pune');
Insert into mstr_college_list values ('ML01','School of Technology, Shillong');
Insert into mstr_college_list values ('MP01','Maulana Azad National Institute of Technology, Bhopal');
Insert into mstr_college_list values ('MP02','Madhav Institute of Technology & Science, Gwalior');
Insert into mstr_college_list values ('MP04','IPS Academy''s School of Architecture, Indore');
Insert into mstr_college_list values ('MP05','SDPS Women''s College, Indore');
Insert into mstr_college_list values ('MP06','Hitkarni College of Architecture & Town Planning, Jabalpur');
Insert into mstr_college_list values ('MP07','Bagulamukhi College of Architecture, Bhopal');
Insert into mstr_college_list values ('MP08','Amity School of Architecture & Planning, Gwalior');
Insert into mstr_college_list values ('MP09','School of Architecture & Design ITM University, Gwalior');
Insert into mstr_college_list values ('MP10','School of Planning & Architecture, Bhopal');
Insert into mstr_college_list values ('MP11','RKDF University, Bhopal');
Insert into mstr_college_list values ('MZ01','Mizoram University, Aizwal');
Insert into mstr_college_list values ('OR01','College of Engineering & Technology, Bhubaneswar');
Insert into mstr_college_list values ('OR02','Piloo-Mody College of Architecture, Cuttak');
Insert into mstr_college_list values ('OR03','School of Architecture and Planning KIIT University, Bhubaneswar');
Insert into mstr_college_list values ('OR04','School of Architecture, Planning & Design, Jatni');
Insert into mstr_college_list values ('OR05','SGI School of Architecture, Bhubaneswar');
Insert into mstr_college_list values ('OR06','National Institute of Technology, Rourkela');
Insert into mstr_college_list values ('OR07','Sri Sri University, Cuttak');
Insert into mstr_college_list values ('PJ01','Guru Nanak Dev University, Amritsar');
Insert into mstr_college_list values ('PJ02','Giani Zail Singh Punjab Technology University, Bhatinda');
Insert into mstr_college_list values ('PJ03','Indo Global College of Architecture, Mohali');
Insert into mstr_college_list values ('PJ04','Chitkara School of Planning & Architecture, Patiala District');
Insert into mstr_college_list values ('PJ05','College of Architecture I.E.T.Bhaddal, Ropar District');
Insert into mstr_college_list values ('PJ06','Lovely School of Architecture & Design, Phagwara');
Insert into mstr_college_list values ('PJ07','RIMT College of Architecture, Mandi Gobindgarh');
Insert into mstr_college_list values ('PJ08','Surya School of Architecture, Patiala District');
Insert into mstr_college_list values ('PJ09','Sai School of Architecture, Amritsar');
Insert into mstr_college_list values ('PJ10','Sri Sai School of Architecture, Pathankot');
Insert into mstr_college_list values ('PJ11','University Institute of Architecture, Mohali');
Insert into mstr_college_list values ('PJ12','Punjab Institute of Technology, Mohali');
Insert into mstr_college_list values ('PJ13','CT Institute of Architecture and Planning, Jalandhar District');
Insert into mstr_college_list values ('PJ14','Shaheed Bhagat Singh State Technical Campus, Ferozepur');
Insert into mstr_college_list values ('RJ01','Malviya National Institute of Technology, Jaipur');
Insert into mstr_college_list values ('RJ02','M.B.M.Engineering College, Jodhpur');
Insert into mstr_college_list values ('RJ03','Aayojan School of Architecture, Jaipur');
Insert into mstr_college_list values ('RJ04','Jagannath University, Jaipur');
Insert into mstr_college_list values ('RJ05','Amity School of Architecture & Planning, Jaipur');
Insert into mstr_college_list values ('RJ06','Buddha Institute of Architecture & Town Planning, Udaipur');
Insert into mstr_college_list values ('RJ07','NIMS School of Architecture & Planning, Jaipur');
Insert into mstr_college_list values ('RJ09','Apex Group of Institution, Jaipur');
Insert into mstr_college_list values ('RJ10','St.Wilfred''s Institute of Architecture, Ajmer');
Insert into mstr_college_list values ('RJ12','School of Architecture and Design Manipal University, Jaipur');
Insert into mstr_college_list values ('RJ13','Dr.K.N.Modi University, Tonk District');
Insert into mstr_college_list values ('RJ14','School of Planning & Architecture Poornima University, Jaipur');
Insert into mstr_college_list values ('RJ16','School of Architecture Central University of Rajasthan, Ajmer District');
Insert into mstr_college_list values ('RJ18','College of Architecture & Design, Mody University, Sikar District');
Insert into mstr_college_list values ('TN01','School of Architecture & Planning Anna University, Chennai');
Insert into mstr_college_list values ('TN02','National Institute of Technology, Tiruchirapalli');
Insert into mstr_college_list values ('TN03','Adhiyamaan College of Engineering, Hosur');
Insert into mstr_college_list values ('TN05','School of Architecture & Interior Design SRM University, Kancheepuram District');
Insert into mstr_college_list values ('TN06','Arulmigu Meenakshi Amman College of Engineering, Tiruvannamalai District');
Insert into mstr_college_list values ('TN07','School of Architecture Bharat University, Chennai');
Insert into mstr_college_list values ('TN08','Hindustan Institute of Technology and Science, Chennai');
Insert into mstr_college_list values ('TN09','Mohammed Sathak Engineering College, Ramanathapuram District');
Insert into mstr_college_list values ('TN10','School of Architecture Sathyabama University, Chennai');
Insert into mstr_college_list values ('TN11','Thiagarajar College of Engineering, Madurai');
Insert into mstr_college_list values ('TN12','Periyar Maniammai University, Thanjavur');
Insert into mstr_college_list values ('TN13','MEASI Academy of Architecture, Chennai');
Insert into mstr_college_list values ('TN14','Salem School of Architecture, Salem');
Insert into mstr_college_list values ('TN15','Tamilnadu School of Architecture, Coimbatore');
Insert into mstr_college_list values ('TN16','McGan''s Ooty School of Architecture, Kotagiri');
Insert into mstr_college_list values ('TN17','Prahar School of Architecture, Coimbatore');
Insert into mstr_college_list values ('TN18','Meenakshi College of Engineering, Chennai');
Insert into mstr_college_list values ('TN19','Karpagam University, Coimbatore');
Insert into mstr_college_list values ('TN20','R.V.S. School of Architecture, Dindigul');
Insert into mstr_college_list values ('TN21','R.V.S. School of Architecture, Coimbatore');
Insert into mstr_college_list values ('TN22','EXCEL College of Architecture and Planning, Namakkal District');
Insert into mstr_college_list values ('TN23','Ranganathan Architecture College, Coimbatore');
Insert into mstr_college_list values ('TN24','Designed Environment Academy & Research Institute, Tiruchirapalli District');
Insert into mstr_college_list values ('TN26','SRM Ramapuram School of Architecture, Chennai');
Insert into mstr_college_list values ('TN27','SVS School of Architecture, Coimbatore');
Insert into mstr_college_list values ('TN28','Crescent School of Architecture, Chennai');
Insert into mstr_college_list values ('TN29','Mohamed Sathak A.J. Academy of Architecture, Kancheepuram District');
Insert into mstr_college_list values ('TN30','J.K.K.Munirajah School of Architecture, Erode District');
Insert into mstr_college_list values ('TN31','M.A.M. School of Architecture, Tiruchirappalli');
Insert into mstr_college_list values ('TN32','C.A.R.E. School of Architecture, Trichy');
Insert into mstr_college_list values ('TN33','Surya School of Architecture, Vikravandi');
Insert into mstr_college_list values ('TN34','MARG Institute of Design and Architecture, Kancheepuram District');
Insert into mstr_college_list values ('TN35','Rajalakshmi School of Architecture, Chennai');
Insert into mstr_college_list values ('TN36','RVS KVK School of Architecture, Trichy');
Insert into mstr_college_list values ('TN37','Aalim Muhammed Salegh Academy of Architecture, Chennai');
Insert into mstr_college_list values ('TN39','RVS Padmavathy School of Architecture, Tiruvalluvar District');
Insert into mstr_college_list values ('TN40','Prime College of Architecture & Planning, Nagapattinam District');
Insert into mstr_college_list values ('TN41','Dr.M.G.R. Educational and Research Institute University, Chennai');
Insert into mstr_college_list values ('TN42','Sri Renugambal College of Architecture, Tiruvannamalai District');
Insert into mstr_college_list values ('TN43','N.R.School of Architecture, Coimbatore District');
Insert into mstr_college_list values ('TN44','Skandha School of Architecture, Namakkal District');
Insert into mstr_college_list values ('TN45','DA Vinci School of Design and Architecture, Chennai');
Insert into mstr_college_list values ('TN46','Sasi Creative School of Architecture, Coimbatore');
Insert into mstr_college_list values ('TN48','St.Peter''s School of Architecture, Chennai');
Insert into mstr_college_list values ('TN49','St.Peter''s College of Engineering and Technology, Chennai');
Insert into mstr_college_list values ('TN50','Coimbatore Institute of Engineering and Technology, Coimbatore');
Insert into mstr_college_list values ('TN51','Sigma College of Architecture, Kanyakumari District');
Insert into mstr_college_list values ('TN52','Cheran School of Architecture, Karur');
Insert into mstr_college_list values ('TN53','Kalasalingam School of Architecture, Krishnankoil');
Insert into mstr_college_list values ('TN55','Anand School of Architecture, Chennai');
Insert into mstr_college_list values ('TN56','Misrimal Navajee Munoth Jain School of Architecture, Chennai');
Insert into mstr_college_list values ('TN58','Park Institute of Architecture, Coimbatore');
Insert into mstr_college_list values ('TN59','Dhanalakshmi Srinivasan School of Architecture, Perambalur');
Insert into mstr_college_list values ('TN60','Dhanalakshmi Srinivasan School of Architecture, Trichy');
Insert into mstr_college_list values ('TN61','JK College of Architecture, Dindigul');
Insert into mstr_college_list values ('TN62','S.J.S. School of Architecture, Chennai');
Insert into mstr_college_list values ('TN64','Capital College of Architecture, Coimbatore');
Insert into mstr_college_list values ('TN66','Chennai Academy of Architecture and Design, Chennai');
Insert into mstr_college_list values ('TN68','Indira School of Architecture, Tiruvallur');
Insert into mstr_college_list values ('TN69','MMES Academy of Architecture, Vellore');
Insert into mstr_college_list values ('TN70','Coimbatore Academy of Architecture, Coimbatore');
Insert into mstr_college_list values ('TN71','Kongu School of Architecture , Erode District');
Insert into mstr_college_list values ('TN72','Aarupadai Veedu Institute of Technology, Chennai');
Insert into mstr_college_list values ('TN73','V.P.M.M.College of Architecture for Women, Virudhunagar District');
Insert into mstr_college_list values ('TN74','School of Architecture VIT University, Vellore');
Insert into mstr_college_list values ('TN75','San Academy of Architecture, Coimbatore');
Insert into mstr_college_list values ('TN76','Sri Venkateswara School of Architecture, Thiruvallur');
Insert into mstr_college_list values ('TN77','Prime Nest College of Architecture and Planning, Tiruchirappalli');
Insert into mstr_college_list values ('TN78','Hindusthan School of Architecture, Coimbatore');
Insert into mstr_college_list values ('TN79','Jaya School of Architecture, Chennai');
Insert into mstr_college_list values ('TN80','Agni School of Architecture and Design Excellence, Dindigul');
Insert into mstr_college_list values ('TN81','Jawahar School of Architecture Planning and Design, Chennai');
Insert into mstr_college_list values ('TN82','Nehru School of Architecture, Coimbatore');
Insert into mstr_college_list values ('TN83','SVS International College of Architecture, Pudukkottai');
Insert into mstr_college_list values ('TN84','Al-Amir College of Architecture, Sivagangai');
Insert into mstr_college_list values ('TN85','School of Architecture PRIST University, Tiruchirappalli');
Insert into mstr_college_list values ('TN86','Shakthi School of Architecture, Dharapuram');
Insert into mstr_college_list values ('TS01','Jawaharlal Nehru Architecture and Fine Arts University ,Hyderabad');
Insert into mstr_college_list values ('TS02','CSI Institute of Technology ,Secunderabad');
Insert into mstr_college_list values ('TS03','Sri Venkateswara College of Architecture ,Hyderabad');
Insert into mstr_college_list values ('TS04','Vaishnavi School of Architecture & Planning ,Hyderabad');
Insert into mstr_college_list values ('TS05','Maestro School of Planning and Architecture ,Hyderabad');
Insert into mstr_college_list values ('TS06','Deccan School of Planning & Architecture ,Hyderabad');
Insert into mstr_college_list values ('TS07','Jawaharlal Nehru Institute of Advanced Studies ,Secunderabad');
Insert into mstr_college_list values ('TS08','J.B.R. Architecture College ,Hyderabad');
Insert into mstr_college_list values ('TS09','Aurora''s Design Academy, Hyderabad');
Insert into mstr_college_list values ('TS10','Aurora''s Design Institute, Hyderabad');
Insert into mstr_college_list values ('TS11','Ashoka School of Planning and Architecture ,Malkapur Village');
Insert into mstr_college_list values ('TS12','Kasturba Gandhi College of Architecture ,Secunderabad');
Insert into mstr_college_list values ('UA01','Indian Institute of Technology ,Roorkee');
Insert into mstr_college_list values ('UA02','Dehradun Institute of Technology ,Dehradun');
Insert into mstr_college_list values ('UA03','Himgiri Zee University ,Dehradun');
Insert into mstr_college_list values ('UA04','Graphic Era Hill University ,Dehradun');
Insert into mstr_college_list values ('UA05','Droan College of Architecture ,Rudrapur');
Insert into mstr_college_list values ('UP01','Uttar Pradesh Technical University ,Lucknow');
Insert into mstr_college_list values ('UP02','Zakir Hussain College of Engineering & Technology ,Aligarh');
Insert into mstr_college_list values ('UP03','Apeejay Institute of Technology ,Lucknow');
Insert into mstr_college_list values ('UP04','Babu Banarasi Das University ,Lucknow');
Insert into mstr_college_list values ('UP05','Integral University ,Lucknow');
Insert into mstr_college_list values ('UP06','Amity School of Architecture & Planning ,Noida');
Insert into mstr_college_list values ('UP07','Amity School of Architecture and Planning ,Lucknow');
Insert into mstr_college_list values ('UP08','Sunder Deep College of Architecture ,Ghaziabad');
Insert into mstr_college_list values ('UP09','Institute of Architecture and Town Planning ,Jhansi');
Insert into mstr_college_list values ('UP10','College of Architecture ,Moradabad');
Insert into mstr_college_list values ('UP11','Khandelwal College of Architecture and Design ,Bareilly');
Insert into mstr_college_list values ('UP12','Teerthanker Mahaveer College of Architecture ,Moradabad');
Insert into mstr_college_list values ('UP13','Institute of Architecture & Town Planning ,Sitapur');
Insert into mstr_college_list values ('UP14','Shree Bankey Bihari Institute of Architecture ,Meerut');
Insert into mstr_college_list values ('UP15','ITM School of Architecture & Town Planning ,Lucknow');
Insert into mstr_college_list values ('UP16','JMS School of Architecture ,Hapur');
Insert into mstr_college_list values ('UP17','School of Architecture ,Mathura');
Insert into mstr_college_list values ('UP18','School of Architecture & Planning Sharda University ,Greater Noida');
Insert into mstr_college_list values ('UP20','College of Architecture Invertis University ,Bareilly');
Insert into mstr_college_list values ('UP21','School of Architecture Delhi Technical Campus ,Greater Noida');
Insert into mstr_college_list values ('UP22','Shri Ram School of Architecture ,Muzzaffarnagar');
Insert into mstr_college_list values ('UP23','R.R.Institute of Modern Technology ,Lucknow');
Insert into mstr_college_list values ('UP24','Anand College of Architecture ,Agra');
Insert into mstr_college_list values ('UP25','Brahmanand Group of Institutions ,Bulandshahr');
Insert into mstr_college_list values ('UP26','Hardayal School of Architecture ,Mathura');
Insert into mstr_college_list values ('UP27','Accurate Institute of Architecture & Planning ,Greater Noida');
Insert into mstr_college_list values ('UP29','Ideal School of Architecture ,Ghaziabad');
Insert into mstr_college_list values ('UP30','Ansal School of Architecture ,Lucknow');
Insert into mstr_college_list values ('UP31','Purvanchal Institute of Architecture & Design ,Gorakhpur');
Insert into mstr_college_list values ('UP32','Forth Dimension College of Architecture ,Saharanpur');
Insert into mstr_college_list values ('UP33','Faculty of Architecture and Town Planning ,Agra');
Insert into mstr_college_list values ('UP34','SGIT IMT College of Architecture ,Ghaziabad');
Insert into mstr_college_list values ('UP35','School of Architecture and Regional Planning ,Greater Noida');
Insert into mstr_college_list values ('UP36','Axis Institute of Architecture (AIA) ,Rooma ,Kanpur');
Insert into mstr_college_list values ('UP37','Ishan Institute of Architecture & Planning ,Greater Noida');
Insert into mstr_college_list values ('UP38','Monad School of Architecture & Planning ,Pilakhwa ,Hapur');
Insert into mstr_college_list values ('UP41','Vivekanand College of Architecture ,Ghaziabad');
Insert into mstr_college_list values ('UP42','School of Architecture, Galgotias University ,Greater Noida');
Insert into mstr_college_list values ('UP43','School of Architecture Noida International University ,Greater Noida');
Insert into mstr_college_list values ('UP44','Department of Architecture Mangalayatan University ,Aligarh');
Insert into mstr_college_list values ('WB01','Indian Institute of Engineering Science and Technology ,Shibpu');
Insert into mstr_college_list values ('WB02','Indian Institute of Technology , Kharagp');
Insert into mstr_college_list values ('WB03','Jadavpur University ,Kolkata');
Insert into mstr_college_list values ('WB04','Rani Rashmoni School of Architecture ,Kolkata');
Insert into mstr_college_list values ('WB05','Om Dayal School of Architecture ,Kolkata');
Insert into mstr_college_list values ('WB06','Techno India University School of Architecture ,Kolkata');
Insert into mstr_college_list values ('WB07','Amity School of Architecture and Planning ,Kolkata');


Create table mstr_user_type(
userTypeId      varchar(20)  NOT NULL,
userType        varchar(20)  NOT NULL,
PRIMARY KEY (userTypeId)
);

INSERT INTO `sqr_factor`.`mstr_user_type` (`userTypeId`, `userType`) VALUES ('S101', 'Student');
INSERT INTO `sqr_factor`.`mstr_user_type` (`userTypeId`, `userType`) VALUES ('P101', 'Professional');
INSERT INTO `sqr_factor`.`mstr_user_type` (`userTypeId`, `userType`) VALUES ('T101', 'Teacher');
INSERT INTO `sqr_factor`.`mstr_user_type` (`userTypeId`, `userType`) VALUES ('A101', 'Admin');
INSERT INTO `sqr_factor`.`mstr_user_type` (`userTypeId`, `userType`) VALUES ('C101', 'College');

Create table user_details(
userId       int(16) AUTO_INCREMENT  NOT NULL,
firstName    varchar(100)  ,
lastName     varchar(100),
gender		 varchar(10),
contactNo    varchar(20),
emailId      varchar(100) UNIQUE NOT NULL,
dateOfBirth  varchar(100) ,
usrCountry	 varchar(200),
usrState	 varchar(200),
usrCity		 varchar(200),
userTypeId   varchar(20)  ,
isVerified   tinyint(1) DEFAULT 0,
about		 varchar(200),
profilePicPath	 varchar(500),	
PRIMARY KEY (userId),
FOREIGN KEY (userTypeId) REFERENCES mstr_user_type(userTypeId)
); 

Create table verification_details(
verificationId		int(16) AUTO_INCREMENT NOT NULL,
verificationUserId	int(16) NOT NULL,
emailCode		varchar(100),
phoneCode		varchar(100),
PRIMARY KEY (verificationId),
FOREIGN KEY (verificationUserId) REFERENCES user_details(userId)
);


/**-------------------Education Tables Start-------------------**/

Create table education_details(
id       int(16) AUTO_INCREMENT  NOT NULL,
userId       int(16) NOT NULL,
educationRegNo varchar(100),
educationName varchar(100) NOT NULL,
educationFromDate varchar(100) NOT NULL,
educationToDate varchar(100) NOT NULL,
colCode varchar(20) NOT NULL,
PRIMARY KEY (id),
FOREIGN KEY (userId) REFERENCES user_details(userId),
FOREIGN KEY (colCode) REFERENCES mstr_college_list(colCode)
);

/**-------------------Education Tables End-------------------**/

/**-------------------Professional Tables Start-------------------**/

Create table profession_details(
id       int(16) AUTO_INCREMENT NOT NULL,
userId       int(16) NOT NULL,
professionType	varchar(20) NOT NULL,
professionRole	varchar(100) NOT NULL,
professionCompany varchar(100) NOT NULL,
professionSalary varchar(100),
professionFromDate varchar(100) NOT NULL,
professionToDate varchar(100),
professionToDateIsCurrent tinyint(1) DEFAULT 0,
PRIMARY KEY (id),
FOREIGN KEY (userId) REFERENCES user_details(userId)
);


Create table additional_profession_details(
id		int(16) AUTO_INCREMENT NOT NULL,
userId  int(16) NOT NULL,
coaNumber 	varchar(100),
iiaNumber 	varchar(100),
PRIMARY KEY (id),
FOREIGN KEY (userId) REFERENCES user_details(userId)
);

/**-------------------Professional Tables End-------------------**/


Create table user_login(
userId       int(16),
userName     varchar(100) NOT NULL,
userPassword varchar(100) NOT NULL,
PRIMARY KEY (userId),
FOREIGN KEY (userId) REFERENCES user_details(userId)
);

Create table social_login(
userId       int(16),
socialUID VARCHAR(100),
loginVia VARCHAR(20),
FOREIGN KEY (userId) REFERENCES user_details(userId)
);

/**-------------------Feed Tables Start-------------------**/
Create Table feed_action_list (
feedActionId   int(3) AUTO_INCREMENT NOT NULL,
feedAction     varchar(100) NOT NULL,
PRIMARY KEY (feedActionId)
);

Insert into feed_action_list (`feedAction`) values ('Comment');
Insert into feed_action_list (`feedAction`) values ('Like');
Insert into feed_action_list (`feedAction`) values ('Share');

Create Table feed_type_list (
feedTypeId   int(3) AUTO_INCREMENT NOT NULL,
feedType     varchar(100) NOT NULL,
PRIMARY KEY (feedTypeId)
);

Insert into feed_type_list (`feedType`) values ('Thought');
Insert into feed_type_list (`feedType`) values ('Photography');
Insert into feed_type_list (`feedType`) values ('Design');
Insert into feed_type_list (`feedType`) values ('Article');
Insert into feed_type_list (`feedType`) values ('Video');
Insert into feed_type_list (`feedType`) values ('City');

Create table feed_details(
feedId       int(16) AUTO_INCREMENT NOT NULL,
userId       int(16), 
feedTypeId     int(3),
feedText	varchar(1000),
feedPath	varchar(500),
feedActionId	int(3),
feedRefId 		int(16),
placeName 		VARCHAR(250),
placeAddress 	VARCHAR(250),
placeLat 		DECIMAL(10,8),
placeLng 		DECIMAL(11,8),
createdAt		TIMESTAMP,
modifiedAt		TIMESTAMP,
PRIMARY KEY (feedId),
FOREIGN KEY (userId) REFERENCES user_details(userId),
FOREIGN KEY (feedTypeId) REFERENCES feed_type_list(feedTypeId)
);

/**-------------------Feed Tables End-------------------**/

/**-------------------Connection Tables Start-------------------**/

Create table connection_details(
connectionId       int(16) AUTO_INCREMENT NOT NULL,
sourceId       	   int(16), 
destinationId      int(16), 
PRIMARY KEY (connectionId),
FOREIGN KEY (sourceId) REFERENCES user_details(userId),
FOREIGN KEY (destinationId) REFERENCES user_details(userId)
);

/**-------------------Connection Tables End-------------------**/

/**-------------------Notification Tables Start-------------------**/


Create Table notification_type_list (
typeId     int(20)  NOT NULL,
typeName     varchar(500) NOT NULL,
PRIMARY KEY (typeId)
);  

Insert into notification_type_list values ('1','ConnectionAdded');
Insert into notification_type_list values ('2','Comment');
Insert into notification_type_list values ('3','Like');
Insert into notification_type_list values ('4','Share');

Create table notification_details(
notificationId     int(16) AUTO_INCREMENT NOT NULL,
sourceUserId       	   int(16), 
destinationUserId      int(16),
notificationTypeId		int(10),
feedRefId				int(16),
isRead					tinyint(1) DEFAULT 0,
createdAt				TIMESTAMP,
PRIMARY KEY (notificationId),
FOREIGN KEY (notificationTypeId) REFERENCES notification_type_list(typeId),
FOREIGN KEY (sourceUserId) REFERENCES user_details(userId),
FOREIGN KEY (destinationUserId) REFERENCES user_details(userId)
);

/**-------------------Notification Tables End-------------------**/
/**-------------------Message Tables Start-------------------**/

Create table message_details(
messageId              int(16) AUTO_INCREMENT NOT NULL,
senderUserId       	   int(16) NOT NULL, 
recipientUserId        int(16) NOT NULL,
messageText					varchar(100) NOT NULL,
isRead				   tinyint(1) DEFAULT 0,
createdAt			   TIMESTAMP,
PRIMARY KEY (messageId),
FOREIGN KEY (senderUserId) REFERENCES user_details(userId),
FOREIGN KEY (recipientUserId) REFERENCES user_details(userId)
);

/**-------------------Message Tables End-------------------**/
/**-------------------Achievement Tables Start-------------------**/

Create table achievement_details(
achievementId           int(16) AUTO_INCREMENT NOT NULL,
achievementName			varchar(100) NOT NULL,
achievementDescription	varchar(100) NOT NULL,
createdAt			   TIMESTAMP,
PRIMARY KEY (achievementId)
);

Create table achievement_earned(
achievementEarnedId		int(16) AUTO_INCREMENT NOT NULL,
userId       	   		int(16) NOT NULL, 
achievementId        	int(16) NOT NULL,
createdAt			   	TIMESTAMP,
PRIMARY KEY (achievementEarnedId),
FOREIGN KEY (userId) REFERENCES user_details(userId),
FOREIGN KEY (achievementId) REFERENCES achievement_details(achievementId)
);

/**-------------------Achievement Tables End-------------------**/

/**-------------------Invitation Tables Start-------------------**/

Create table invitation_details(
invitationId		int(16) AUTO_INCREMENT NOT NULL,
invitedByUserId     int(16) NOT NULL, 
invitedToUserId     int(16) NOT NULL,
PRIMARY KEY (invitationId),
FOREIGN KEY (invitedByUserId) REFERENCES user_details(userId),
FOREIGN KEY (invitedByUserId) REFERENCES user_details(userId)
);

/**-------------------Invitation Tables End-------------------**/

/**-------------------Competition Tables Start--------------**/

Create table competition_details(
compId       int(16) AUTO_INCREMENT NOT NULL,
userId       int(16) NOT NULL,
compType     varchar(10) NOT NULL,
compTitle    varchar(200) NOT NULL,
compHeading  varchar(300) ,
compBrief    varchar(500) ,
compECriteria     varchar(50),
compECriteriaOthers     varchar(300),
coverPic     varchar(500),
profilePic   varchar(500),
compSubRqrmts varchar(1000),
compFAQ       varchar(1000),
compStartDate varchar(100),
compEndDate varchar(100),
compSubEndDate varchar(100),
compResultDate varchar(100),
compDetails varchar(300),
compBriefPath varchar(500),
compFees	varchar(10),
compCurrency	varchar(10),
createdAt		TIMESTAMP,
PRIMARY KEY (compId),
FOREIGN KEY (userId) REFERENCES user_details(userId)
); 

Create table competition_jury(
compJuryId int(16) AUTO_INCREMENT NOT NULL,
compId       int(16) NOT NULL,
juryName     varchar(100),
juryFirmName varchar(200),
juryEmail    varchar(100),
juryContactNo varchar(20),
juryPic      varchar(500),
juryDetails  varchar(300),
PRIMARY KEY (compJuryId),
FOREIGN KEY (compId) REFERENCES competition_details(compId)
);

Create table competition_awards(
compAwardId int(16) AUTO_INCREMENT NOT NULL,
compId       int(16) NOT NULL,
awardType      varchar(100),
awardPrice     varchar(100),
awardDetails     varchar(100),
PRIMARY KEY (compAwardId),
FOREIGN KEY (compId) REFERENCES competition_details(compId)
);

Create table competition_partners(
compPartnerId int(16) AUTO_INCREMENT NOT NULL,
compId       int(16) NOT NULL,
partnerName     varchar(100),
partnerWebsite     varchar(100),
partnerEmail    varchar(100),
partnerContactNo varchar(20),
partnerPic      varchar(500),
partnerDetails  varchar(300),
PRIMARY KEY (compPartnerId),
FOREIGN KEY (compId) REFERENCES competition_details(compId)
);

Create table competition_registration(
compRegistrationId int(16) AUTO_INCREMENT NOT NULL,
compId       		int(16) NOT NULL,
userId       		int(16) NOT NULL,
compTeamCode		varchar(100) NOT NULL,
compUserRole		varchar(20) NOT NULL,
PRIMARY KEY (compRegistrationId),
FOREIGN KEY (compId) REFERENCES competition_details(compId),
FOREIGN KEY (userId) REFERENCES user_details(userId)
);

Create table competition_submission(
compSubmissionId int(16) AUTO_INCREMENT NOT NULL,
compId       		int(16) NOT NULL,
compTeamCode		varchar(100) NOT NULL,
filePath			varchar(500),
submittedByUserId	int(16) NOT NULL,
createdAt			TIMESTAMP,
PRIMARY KEY (compSubmissionId),
FOREIGN KEY (compId) REFERENCES competition_details(compId),
FOREIGN KEY (submittedByUserId) REFERENCES user_details(userId)
);

Create table competition_result(
compResultId int(16) AUTO_INCREMENT NOT NULL,
compId       		int(16) NOT NULL,
compTeamCode		varchar(100) NOT NULL,
compAwardId			int(16) NOT NULL,
submittedByUserId	int(16) NOT NULL,
createdAt			TIMESTAMP,
PRIMARY KEY (compResultId),
FOREIGN KEY (compId) REFERENCES competition_details(compId),
FOREIGN KEY (compAwardId) REFERENCES competition_awards(compAwardId),
FOREIGN KEY (submittedByUserId) REFERENCES user_details(userId)
);

Create table event_feed(
eventFeedId int(16) AUTO_INCREMENT NOT NULL,
userId       		int(16) NOT NULL,
eventType			varchar(20) NOT NULL,
eventTypeId			int(16) NOT NULL,
eventActionId		int(3),
eventText			varchar(500),
eventRefId 			int(16),
createdAt			TIMESTAMP,
modifiedAt			TIMESTAMP,
PRIMARY KEY (eventFeedId),
FOREIGN KEY (userId) REFERENCES user_details(userId)
);

/**-------------------Competition Tables End--------------**/

/**-------------------Add Admin Account Start-------------------**/
Insert into user_details values (1, 'SqrFactor India', '', 'other', '7263957201' , 'create@sqrfactor.in', '2016-6-26', 'India' , 'Karnataka' , 'Bangalore' , 'A101', 1, 'Official SqrFactor\'s Account', '\\images\\logo.png');
Insert into user_login values (1, 'create@sqrfactor.in', '1234');

/**-------------------Add Admin Account End-------------------**/

/**-------------------Add College Accounts Start--------------**/

Insert into user_details values (2,'
Faculty of Architecture, College of Engineering Andhra Univesity,Visakhapatnam','', 'other', '' , 'AP02@sqrfactor.in', '2016-11-26', 'India','Andhra Pradesh','Visakhapatnam','C101',1,'
Faculty of Architecture, College of Engineering Andhra Univesity''s Official Account', '\\images\\colleges\\college-default.jpg');
Insert into user_details values (3,'S.A.R. College of Architecture,Krishna District','', 'other', '' , 'AP05@sqrfactor.in', '2016-11-26', 'India','Andhra Pradesh','Krishna District','C101',1,'S.A.R. College of Architecture''s Official Account', '\\images\\colleges\\college-default.jpg');
Insert into user_details values (4,'
ANU College of Architecture & Planning Acharya Nagarjuna University,Guntur','', 'other', '' , 'AP08@sqrfactor.in', '2016-11-26', 'India','Andhra Pradesh','Guntur','C101',1,'
ANU College of Architecture & Planning Acharya Nagarjuna University''s Official Account', '\\images\\colleges\\college-default.jpg');
Insert into user_details values (5,'
School of Architecture
Gandhi Institute of Technology and Management,Visakhapatnam','', 'other', '' , 'AP11@sqrfactor.in', '2016-11-26', 'India','Andhra Pradesh','Visakhapatnam','C101',1,'
School of Architecture
Gandhi Institute of Technology and Management''s Official Account', '\\images\\colleges\\college-default.jpg');
Insert into user_details values (6,'Varaha College of Architecture & Planning ,Visakhapatnam','', 'other', '' , 'AP14@sqrfactor.in', '2016-11-26', 'India','Andhra Pradesh','Visakhapatnam','C101',1,'Varaha College of Architecture & Planning ''s Official Account', '\\images\\colleges\\college-default.jpg');
Insert into user_details values (7,'School of Planning and Architecture,Vijaywada','', 'other', '' , 'AP18@sqrfactor.in', '2016-11-26', 'India','Andhra Pradesh','Vijaywada','C101',1,'School of Planning and Architecture''s Official Account', '\\images\\colleges\\college-default.jpg');
Insert into user_details values (8,'M.R.K.College of Architecture Veeravasarm, Bhimavaram Veeravasara Mandalam,West Godavari','', 'other', '' , 'AP19@sqrfactor.in', '2016-11-26', 'India','Andhra Pradesh','West Godavari','C101',1,'M.R.K.College of Architecture Veeravasarm, Bhimavaram Veeravasara Mandalam''s Official Account', '\\images\\colleges\\college-default.jpg');
Insert into user_details values (9,'Maestro School of Planning and Architecture Vijayawada
,Vijaywada','', 'other', '' , 'AP20@sqrfactor.in', '2016-11-26', 'India','Andhra Pradesh','Vijaywada','C101',1,'Maestro School of Planning and Architecture Vijayawada
''s Official Account', '\\images\\colleges\\college-default.jpg');
Insert into user_details values (10,'Department of Architecture K.L.E.F.University,Guntur','', 'other', '' , 'AP21@sqrfactor.in', '2016-11-26', 'India','Andhra Pradesh','Guntur','C101',1,'Department of Architecture K.L.E.F.University''s Official Account', '\\images\\colleges\\college-default.jpg');
Insert into user_details values (11,'Vaishnavi School of Architecture and Planning Vijayawada,Vijaywada','', 'other', '' , 'AP22@sqrfactor.in', '2016-11-26', 'India','Andhra Pradesh','Vijaywada','C101',1,'Vaishnavi School of Architecture and Planning Vijayawada''s Official Account', '\\images\\colleges\\college-default.jpg');
Insert into user_details values (12,'Department of Architecture and Planning Indira Gandhi,Ziro','', 'other', '' , 'AR01@sqrfactor.in', '2016-11-26', 'India','Arunachal Pradesh','Ziro','C101',1,'Department of Architecture and Planning Indira Gandhi''s Official Account', '\\images\\colleges\\college-default.jpg');
Insert into user_details values (13,'School of Planning, Architecture & Design, Apex Professional University,Pasighat','', 'other', '' , 'AR02@sqrfactor.in', '2016-11-26', 'India','Arunachal Pradesh','Pasighat','C101',1,'School of Planning, Architecture & Design, Apex Professional University''s Official Account', '\\images\\colleges\\college-default.jpg');
Insert into user_details values (14,'Guwahati College of Architecture,Guwahati','', 'other', '' , 'AS01@sqrfactor.in', '2016-11-26', 'India','Assam','Guwahati','C101',1,'Guwahati College of Architecture''s Official Account', '\\images\\colleges\\college-default.jpg');
Insert into user_details values (15,'Royal School of Architecture Betkuchi,Guwahati','', 'other', '' , 'AS02@sqrfactor.in', '2016-11-26', 'India','Assam','Guwahati','C101',1,'Royal School of Architecture Betkuchi''s Official Account', '\\images\\colleges\\college-default.jpg');
Insert into user_details values (16,'National Institute of Technology ,Patna','', 'other', '' , 'BR01@sqrfactor.in', '2016-11-26', 'India','Bihar','Patna','C101',1,'National Institute of Technology ''s Official Account', '\\images\\colleges\\college-default.jpg');
Insert into user_details values (17,'Department of Architecture Birla Institute of Technology,Patna','', 'other', '' , 'BR03@sqrfactor.in', '2016-11-26', 'India','Bihar','Patna','C101',1,'Department of Architecture Birla Institute of Technology''s Official Account', '\\images\\colleges\\college-default.jpg');
Insert into user_details values (18,'National Institute of Technology
,Raipur','', 'other', '' , 'CG01@sqrfactor.in', '2016-11-26', 'India','Chattisgarh','Raipur','C101',1,'National Institute of Technology
''s Official Account', '\\images\\colleges\\college-default.jpg');
Insert into user_details values (19,'Dignity College of Architecture,Durg','', 'other', '' , 'CG03@sqrfactor.in', '2016-11-26', 'India','Chattisgarh','Durg','C101',1,'Dignity College of Architecture''s Official Account', '\\images\\colleges\\college-default.jpg');
Insert into user_details values (20,'Amity School of Architecture and Planning,Raipur','', 'other', '' , 'CG08@sqrfactor.in', '2016-11-26', 'India','Chattisgarh','Raipur','C101',1,'Amity School of Architecture and Planning''s Official Account', '\\images\\colleges\\college-default.jpg');
Insert into user_details values (21,'Chandigarh College of Architecture ,Chandigarh','', 'other', '' , 'CH01@sqrfactor.in', '2016-11-26', 'India','Punjab','Chandigarh','C101',1,'Chandigarh College of Architecture ''s Official Account', '\\images\\colleges\\college-default.jpg');
Insert into user_details values (22,'School of planning and architecture,Delhi','', 'other', '' , 'DL01@sqrfactor.in', '2016-11-26', 'India','Delhi','Delhi','C101',1,'School of planning and architecture''s Official Account', '\\images\\colleges\\college-default.jpg');
Insert into user_details values (23,'College of Architecture,Delhi','', 'other', '' , 'DL03@sqrfactor.in', '2016-11-26', 'India','Delhi','Delhi','C101',1,'College of Architecture''s Official Account', '\\images\\colleges\\college-default.jpg');
Insert into user_details values (24,'Faculty of Architecture & Ekistics,Delhi','', 'other', '' , 'DL04@sqrfactor.in', '2016-11-26', 'India','Delhi','Delhi','C101',1,'Faculty of Architecture & Ekistics''s Official Account', '\\images\\colleges\\college-default.jpg');
Insert into user_details values (25,'University School of Architecture & Planning,Kashmere Gate','', 'other', '' , 'DL06@sqrfactor.in', '2016-11-26', 'India','New Delhi','Kashmere Gate','C101',1,'University School of Architecture & Planning''s Official Account', '\\images\\colleges\\college-default.jpg');
Insert into user_details values (26,'MBS School of Planning and Architecture,Dwarka','', 'other', '' , 'DL07@sqrfactor.in', '2016-11-26', 'India','New Delhi','Dwarka','C101',1,'MBS School of Planning and Architecture''s Official Account', '\\images\\colleges\\college-default.jpg');
Insert into user_details values (27,'K.R.Mangalam School of Architecture & Planning,Greater Kailash','', 'other', '' , 'DL08@sqrfactor.in', '2016-11-26', 'India','New Delhi','Greater Kailash','C101',1,'K.R.Mangalam School of Architecture & Planning''s Official Account', '\\images\\colleges\\college-default.jpg');
Insert into user_details values (28,'Indira Gandhi Delhi Technical University for women,Kashmere Gate','', 'other', '' , 'DL09@sqrfactor.in', '2016-11-26', 'India','New Delhi','Kashmere Gate','C101',1,'Indira Gandhi Delhi Technical University for women''s Official Account', '\\images\\colleges\\college-default.jpg');
Insert into user_details values (29,'Goa College of Architecture
,Panaji','', 'other', '' , 'GA01@sqrfactor.in', '2016-11-26', 'India','Goa','Panaji','C101',1,'Goa College of Architecture
''s Official Account', '\\images\\colleges\\college-default.jpg');
Insert into user_details values (30,'M. S. University of Baroda ,Vadodara','', 'other', '' , 'GJ01@sqrfactor.in', '2016-11-26', 'India','Gujarat','Vadodara','C101',1,'M. S. University of Baroda ''s Official Account', '\\images\\colleges\\college-default.jpg');
Insert into user_details values (31,'Faculty of Architecture
Centre for Environmental Planning
& Technology University,Navrangpura','', 'other', '' , 'GJ02@sqrfactor.in', '2016-11-26', 'India','Ahmedabad','Navrangpura','C101',1,'Faculty of Architecture
Centre for Environmental Planning
& Technology University''s Official Account', '\\images\\colleges\\college-default.jpg');
Insert into user_details values (32,'D.C. Patel School of Architecture
,Vidhyanar','', 'other', '' , 'GJ03@sqrfactor.in', '2016-11-26', 'India','Gujarat','Vidhyanar','C101',1,'D.C. Patel School of Architecture
''s Official Account', '\\images\\colleges\\college-default.jpg');
Insert into user_details values (33,'Sarvajanik College of Engineering & Technology,Surat','', 'other', '' , 'GJ04@sqrfactor.in', '2016-11-26', 'India','Gujarat','Surat','C101',1,'Sarvajanik College of Engineering & Technology''s Official Account', '\\images\\colleges\\college-default.jpg');
Insert into user_details values (34,'Sardar Vallabhai Patel Institute of Technology,Vasad','', 'other', '' , 'GJ05@sqrfactor.in', '2016-11-26', 'India','Gujarat','Vasad','C101',1,'Sardar Vallabhai Patel Institute of Technology''s Official Account', '\\images\\colleges\\college-default.jpg');
Insert into user_details values (35,'Vyavasay Vidya Pratishthan's Indubhai Parekh School of Architecture
,Rajkot','', 'other', '' , 'GJ06@sqrfactor.in', '2016-11-26', 'India','Gujarat','Rajkot','C101',1,'Vyavasay Vidya Pratishthan's Indubhai Parekh School of Architecture
''s Official Account', '\\images\\colleges\\college-default.jpg');
Insert into user_details values (36,'Vadodara Design Academy,Vadodara','', 'other', '' , 'GJ07@sqrfactor.in', '2016-11-26', 'India','Gujarat','Vadodara','C101',1,'Vadodara Design Academy''s Official Account', '\\images\\colleges\\college-default.jpg');
Insert into user_details values (37,'Institute of Architecture
Hemchandracharya North Gujarat University University,Patan','', 'other', '' , 'GJ08@sqrfactor.in', '2016-11-26', 'India','Gujarat','Patan','C101',1,'Institute of Architecture
Hemchandracharya North Gujarat University University''s Official Account', '\\images\\colleges\\college-default.jpg');
Insert into user_details values (38,'Shri Gijubhai Chhaganbhai Patel Institute of Architecture, Interior Design and Fine Arts Narmad South Gujarat University,Surat','', 'other', '' , 'GJ09@sqrfactor.in', '2016-11-26', 'India','Gujarat','Surat','C101',1,'Shri Gijubhai Chhaganbhai Patel Institute of Architecture, Interior Design and Fine Arts Narmad South Gujarat University''s Official Account', '\\images\\colleges\\college-default.jpg');
Insert into user_details values (39,'Grow More School of Architecture Ahmedabad ,Himatnagar','', 'other', '' , 'GJ10@sqrfactor.in', '2016-11-26', 'India','Gujarat','Himatnagar','C101',1,'Grow More School of Architecture Ahmedabad ''s Official Account', '\\images\\colleges\\college-default.jpg');
Insert into user_details values (40,'Anant Institute of Architecture,Ahmedabad','', 'other', '' , 'GJ11@sqrfactor.in', '2016-11-26', 'India','Gujarat','Ahmedabad','C101',1,'Anant Institute of Architecture''s Official Account', '\\images\\colleges\\college-default.jpg');
Insert into user_details values (41,'School of Design and Architecture Navrachana University,Bhayli','', 'other', '' , 'GJ12@sqrfactor.in', '2016-11-26', 'India','Gujarat','Bhayli','C101',1,'School of Design and Architecture Navrachana University''s Official Account', '\\images\\colleges\\college-default.jpg');
Insert into user_details values (42,'Parul Institute of Architecture and Research,Waghodia','', 'other', '' , 'GJ13@sqrfactor.in', '2016-11-26', 'India','Gujarat','Waghodia','C101',1,'Parul Institute of Architecture and Research''s Official Account', '\\images\\colleges\\college-default.jpg');
Insert into user_details values (43,'ITM School of Architecture Art and Design,Waghodia','', 'other', '' , 'GJ14@sqrfactor.in', '2016-11-26', 'India','Gujarat','Waghodia','C101',1,'ITM School of Architecture Art and Design''s Official Account', '\\images\\colleges\\college-default.jpg');
Insert into user_details values (44,'Shantaben Manubhai Patel School of Studies and Research in Architecture and Interior Design,Vidyanagar','', 'other', '' , 'GJ15@sqrfactor.in', '2016-11-26', 'India','Gujarat','Vidyanagar','C101',1,'Shantaben Manubhai Patel School of Studies and Research in Architecture and Interior Design''s Official Account', '\\images\\colleges\\college-default.jpg');
Insert into user_details values (45,'Institute of Design, Environment & Architecture Indus University,Gandhinagar','', 'other', '' , 'GJ16@sqrfactor.in', '2016-11-26', 'India','Gujarat','Gandhinagar','C101',1,'Institute of Design, Environment & Architecture Indus University''s Official Account', '\\images\\colleges\\college-default.jpg');
Insert into user_details values (46,'Bhagwan Mahavir College of Architecture,Surat','', 'other', '' , 'GJ17@sqrfactor.in', '2016-11-26', 'India','Gujarat','Surat','C101',1,'Bhagwan Mahavir College of Architecture''s Official Account', '\\images\\colleges\\college-default.jpg');
Insert into user_details values (47,'L.J. School of Architecture L.J.Campus,Ahmedabad','', 'other', '' , 'GJ18@sqrfactor.in', '2016-11-26', 'India','Gujarat','Ahmedabad','C101',1,'L.J. School of Architecture L.J.Campus''s Official Account', '\\images\\colleges\\college-default.jpg');
Insert into user_details values (48,'Raman Bhakta School of Architecture,Surat','', 'other', '' , 'GJ19@sqrfactor.in', '2016-11-26', 'India','Gujarat','Surat','C101',1,'Raman Bhakta School of Architecture''s Official Account', '\\images\\colleges\\college-default.jpg');
Insert into user_details values (49,'
Institute of Architecture Nirma University
,Ahmedabad','', 'other', '' , 'GJ20@sqrfactor.in', '2016-11-26', 'India','Gujarat','Ahmedabad','C101',1,'
Institute of Architecture Nirma University
''s Official Account', '\\images\\colleges\\college-default.jpg');
Insert into user_details values (50,'Laxmi Institute of Architecture ,Valsad','', 'other', '' , 'GJ21@sqrfactor.in', '2016-11-26', 'India','Gujarat','Valsad','C101',1,'Laxmi Institute of Architecture ''s Official Account', '\\images\\colleges\\college-default.jpg');
Insert into user_details values (51,'Kalol Institute of Architecture & Design,Gandhinagar','', 'other', '' , 'GJ22@sqrfactor.in', '2016-11-26', 'India','Gujarat','Gandhinagar','C101',1,'Kalol Institute of Architecture & Design''s Official Account', '\\images\\colleges\\college-default.jpg');
Insert into user_details values (52,'Venus Institute of Design & Architecture Village Bhoyan Rathod,Gandhinagar','', 'other', '' , 'GJ23@sqrfactor.in', '2016-11-26', 'India','Gujarat','Gandhinagar','C101',1,'Venus Institute of Design & Architecture Village Bhoyan Rathod''s Official Account', '\\images\\colleges\\college-default.jpg');
Insert into user_details values (53,'Sal School of Architecture,Ahmedabad','', 'other', '' , 'GJ24@sqrfactor.in', '2016-11-26', 'India','Gujarat','Ahmedabad','C101',1,'Sal School of Architecture''s Official Account', '\\images\\colleges\\college-default.jpg');
Insert into user_details values (54,'Institute of Architecture
,Mehsana','', 'other', '' , 'GJ25@sqrfactor.in', '2016-11-26', 'India','Gujarat','Mehsana','C101',1,'Institute of Architecture
''s Official Account', '\\images\\colleges\\college-default.jpg');
Insert into user_details values (55,'VJKM Institute of Architecture and Design At-Vadu (Near Kalol),Vadu','', 'other', '' , 'GJ26@sqrfactor.in', '2016-11-26', 'India','Gujarat','Vadu','C101',1,'VJKM Institute of Architecture and Design At-Vadu (Near Kalol)''s Official Account', '\\images\\colleges\\college-default.jpg');
Insert into user_details values (56,'Vidyamandir College of Architecture for Women,Surat','', 'other', '' , 'GJ27@sqrfactor.in', '2016-11-26', 'India','Gujarat','Surat','C101',1,'Vidyamandir College of Architecture for Women''s Official Account', '\\images\\colleges\\college-default.jpg');
Insert into user_details values (57,'Marwadi Education Foundations Group of Institutions, Faculty of Architecture,Rajkot','', 'other', '' , 'GJ28@sqrfactor.in', '2016-11-26', 'India','Gujarat','Rajkot','C101',1,'Marwadi Education Foundations Group of Institutions, Faculty of Architecture''s Official Account', '\\images\\colleges\\college-default.jpg');
Insert into user_details values (58,'National Institute of Technology (Deemed University),Hamirpur','', 'other', '' , 'HP01@sqrfactor.in', '2016-11-26', 'India','HP','Hamirpur','C101',1,'National Institute of Technology (Deemed University)''s Official Account', '\\images\\colleges\\college-default.jpg');
Insert into user_details values (59,'IEC School of Architecture IEC University
,Baddi','', 'other', '' , 'HP03@sqrfactor.in', '2016-11-26', 'India','HP','Baddi','C101',1,'IEC School of Architecture IEC University
''s Official Account', '\\images\\colleges\\college-default.jpg');
Insert into user_details values (60,'Maharaja Agrasen School of Architecture & Design, Maharaja Agrasen University,Baddi','', 'other', '' , 'HP04@sqrfactor.in', '2016-11-26', 'India','HP','Baddi','C101',1,'Maharaja Agrasen School of Architecture & Design, Maharaja Agrasen University''s Official Account', '\\images\\colleges\\college-default.jpg');
Insert into user_details values (61,'APG School of Architecture,Shimla','', 'other', '' , 'HP05@sqrfactor.in', '2016-11-26', 'India','HP','Shimla','C101',1,'APG School of Architecture''s Official Account', '\\images\\colleges\\college-default.jpg');
Insert into user_details values (62,'Sushant School of Art & Architecture,Gurgaon','', 'other', '' , 'HR01@sqrfactor.in', '2016-11-26', 'India','Haryana','Gurgaon','C101',1,'Sushant School of Art & Architecture''s Official Account', '\\images\\colleges\\college-default.jpg');
Insert into user_details values (63,'Deenbandhu Chhotu Ram University of Science,Murthal','', 'other', '' , 'HR02@sqrfactor.in', '2016-11-26', 'India','Haryana','Murthal','C101',1,'Deenbandhu Chhotu Ram University of Science''s Official Account', '\\images\\colleges\\college-default.jpg');
Insert into user_details values (64,'Gateway College of Architecture & Design Gateway Campus,Sonepat','', 'other', '' , 'HR03@sqrfactor.in', '2016-11-26', 'India','Haryana','Sonepat','C101',1,'Gateway College of Architecture & Design Gateway Campus''s Official Account', '\\images\\colleges\\college-default.jpg');
Insert into user_details values (65,'Sat Priya School of Architecture and Design
,Rohtak','', 'other', '' , 'HR04@sqrfactor.in', '2016-11-26', 'India','Haryana','Rohtak','C101',1,'Sat Priya School of Architecture and Design
''s Official Account', '\\images\\colleges\\college-default.jpg');
Insert into user_details values (66,'Budha College of Architecture Indri ,Karnal','', 'other', '' , 'HR05@sqrfactor.in', '2016-11-26', 'India','Haryana','Karnal','C101',1,'Budha College of Architecture Indri ''s Official Account', '\\images\\colleges\\college-default.jpg');
Insert into user_details values (67,'School of Architecture
R.P. Educational Trust Group of Institutions Village Bastara,Karnal','', 'other', '' , 'HR06@sqrfactor.in', '2016-11-26', 'India','Haryana','Karnal','C101',1,'School of Architecture
R.P. Educational Trust Group of Institutions Village Bastara''s Official Account', '\\images\\colleges\\college-default.jpg');
Insert into user_details values (68,'ICL Institute of Architecture and Town Planning Village Sountli,Ambala','', 'other', '' , 'HR07@sqrfactor.in', '2016-11-26', 'India','Haryana','Ambala','C101',1,'ICL Institute of Architecture and Town Planning Village Sountli''s Official Account', '\\images\\colleges\\college-default.jpg');
Insert into user_details values (69,'Lingayas Universitys School of Architecture Nachauli,Faridabad','', 'other', '' , 'HR08@sqrfactor.in', '2016-11-26', 'India','Haryana','Faridabad','C101',1,'Lingayas Universitys School of Architecture Nachauli''s Official Account', '\\images\\colleges\\college-default.jpg');
Insert into user_details values (70,'Om Institute of Architecture & Design ,Hisar','', 'other', '' , 'HR09@sqrfactor.in', '2016-11-26', 'India','Haryana','Hisar','C101',1,'Om Institute of Architecture & Design ''s Official Account', '\\images\\colleges\\college-default.jpg');
Insert into user_details values (71,'Savera College of Architecture,Gurgaon','', 'other', '' , 'HR10@sqrfactor.in', '2016-11-26', 'India','Haryana','Gurgaon','C101',1,'Savera College of Architecture''s Official Account', '\\images\\colleges\\college-default.jpg');
Insert into user_details values (72,'Ganga Institute of Architecture & Town Planning Kablana,Jhajjar','', 'other', '' , 'HR11@sqrfactor.in', '2016-11-26', 'India','Haryana','Jhajjar','C101',1,'Ganga Institute of Architecture & Town Planning Kablana''s Official Account', '\\images\\colleges\\college-default.jpg');
Insert into user_details values (73,'School of Architecture
Maharishi Markandeshwar University VPO Sadopur,Ambala','', 'other', '' , 'HR12@sqrfactor.in', '2016-11-26', 'India','Haryana','Ambala','C101',1,'School of Architecture
Maharishi Markandeshwar University VPO Sadopur''s Official Account', '\\images\\colleges\\college-default.jpg');
Insert into user_details values (74,'Amity School of Architecture & Planning Amity University,Gurgaon','', 'other', '' , 'HR13@sqrfactor.in', '2016-11-26', 'India','Haryana','Gurgaon','C101',1,'Amity School of Architecture & Planning Amity University''s Official Account', '\\images\\colleges\\college-default.jpg');
Insert into user_details values (75,'Hindu School of Architecture Industrial Area
,Sonepat','', 'other', '' , 'HR14@sqrfactor.in', '2016-11-26', 'India','Haryana','Sonepat','C101',1,'Hindu School of Architecture Industrial Area
''s Official Account', '\\images\\colleges\\college-default.jpg');
Insert into user_details values (76,'State Institute of Urban Planning & Architecture Rohtak,Rohtak','', 'other', '' , 'HR15@sqrfactor.in', '2016-11-26', 'India','Haryana','Rohtak','C101',1,'State Institute of Urban Planning & Architecture Rohtak''s Official Account', '\\images\\colleges\\college-default.jpg');
Insert into user_details values (77,'South Point School of Architecture,Sonepat','', 'other', '' , 'HR16@sqrfactor.in', '2016-11-26', 'India','Haryana','Sonepat','C101',1,'South Point School of Architecture''s Official Account', '\\images\\colleges\\college-default.jpg');
Insert into user_details values (78,'CCLS College of Architecture & Design,Rohtak','', 'other', '' , 'HR17@sqrfactor.in', '2016-11-26', 'India','Haryana','Rohtak','C101',1,'CCLS College of Architecture & Design''s Official Account', '\\images\\colleges\\college-default.jpg');
Insert into user_details values (79,'P.M.College of Architecture,Sonepat','', 'other', '' , 'HR18@sqrfactor.in', '2016-11-26', 'India','Haryana','Sonepat','C101',1,'P.M.College of Architecture''s Official Account', '\\images\\colleges\\college-default.jpg');
Insert into user_details values (80,'Rabindranath Tagore Institute of Architecture & Design,Faridabad','', 'other', '' , 'HR19@sqrfactor.in', '2016-11-26', 'India','Haryana','Faridabad','C101',1,'Rabindranath Tagore Institute of Architecture & Design''s Official Account', '\\images\\colleges\\college-default.jpg');
Insert into user_details values (81,'Narendra College of Architecture ,Ballabgarh','', 'other', '' , 'HR20@sqrfactor.in', '2016-11-26', 'India','Haryana','Ballabgarh','C101',1,'Narendra College of Architecture ''s Official Account', '\\images\\colleges\\college-default.jpg');
Insert into user_details values (82,'School of Architecture & Planning K.R.Mangalam University,Gurgaon','', 'other', '' , 'HR21@sqrfactor.in', '2016-11-26', 'India','Haryana','Gurgaon','C101',1,'School of Architecture & Planning K.R.Mangalam University''s Official Account', '\\images\\colleges\\college-default.jpg');
Insert into user_details values (83,'Bhagwan Mahaveer School of Architecture Jagdishpur,Sonepat','', 'other', '' , 'HR22@sqrfactor.in', '2016-11-26', 'India','Haryana','Sonepat','C101',1,'Bhagwan Mahaveer School of Architecture Jagdishpur''s Official Account', '\\images\\colleges\\college-default.jpg');
Insert into user_details values (84,'P.D.M. School of Architecture & Town Planning,Bahadurgarh','', 'other', '' , 'HR23@sqrfactor.in', '2016-11-26', 'India','Haryana','Bahadurgarh','C101',1,'P.D.M. School of Architecture & Town Planning''s Official Account', '\\images\\colleges\\college-default.jpg');
Insert into user_details values (85,'South Point College of Architecture Rattangarh,Sonepat','', 'other', '' , 'HR24@sqrfactor.in', '2016-11-26', 'India','Haryana','Sonepat','C101',1,'South Point College of Architecture Rattangarh''s Official Account', '\\images\\colleges\\college-default.jpg');
Insert into user_details values (86,'School of Architecture & Planning G.D.Goenka University
,Sohna','', 'other', '' , 'HR25@sqrfactor.in', '2016-11-26', 'India','Haryana','Sohna','C101',1,'School of Architecture & Planning G.D.Goenka University
''s Official Account', '\\images\\colleges\\college-default.jpg');
Insert into user_details values (87,'Delhi Institute of Architecture & Planning Village Firozepur Kalan,Faridabad','', 'other', '' , 'HR26@sqrfactor.in', '2016-11-26', 'India','Haryana','Faridabad','C101',1,'Delhi Institute of Architecture & Planning Village Firozepur Kalan''s Official Account', '\\images\\colleges\\college-default.jpg');
Insert into user_details values (88,'Faculty of Planning and Architecture Manav Rachna International University,Faridabad','', 'other', '' , 'HR27@sqrfactor.in', '2016-11-26', 'India','Haryana','Faridabad','C101',1,'Faculty of Planning and Architecture Manav Rachna International University''s Official Account', '\\images\\colleges\\college-default.jpg');
Insert into user_details values (89,'Faculty of Architecture & Planning, Jagan Nath University,Jhajjar','', 'other', '' , 'HR28@sqrfactor.in', '2016-11-26', 'India','Haryana','Jhajjar','C101',1,'Faculty of Architecture & Planning, Jagan Nath University''s Official Account', '\\images\\colleges\\college-default.jpg');
Insert into user_details values (90,'Al-Falah School of Architecture & Design Al-Falah University,Faridabad','', 'other', '' , 'HR29@sqrfactor.in', '2016-11-26', 'India','Haryana','Faridabad','C101',1,'Al-Falah School of Architecture & Design Al-Falah University''s Official Account', '\\images\\colleges\\college-default.jpg');
Insert into user_details values (91,'Birla Institute of Technology,Ranchi','', 'other', '' , 'JH01@sqrfactor.in', '2016-11-26', 'India','Jharkhand','Ranchi','C101',1,'Birla Institute of Technology''s Official Account', '\\images\\colleges\\college-default.jpg');
Insert into user_details values (92,'Awadh College of Architecture,Jamshedpur','', 'other', '' , 'JH02@sqrfactor.in', '2016-11-26', 'India','Jharkhand','Jamshedpur','C101',1,'Awadh College of Architecture''s Official Account', '\\images\\colleges\\college-default.jpg');
Insert into user_details values (93,'School of Architecture & Landscape Design,Katra','', 'other', '' , 'JK01@sqrfactor.in', '2016-11-26', 'India','J&K','Katra','C101',1,'School of Architecture & Landscape Design''s Official Account', '\\images\\colleges\\college-default.jpg');
Insert into user_details values (94,'School of Architecture
University Visvesvaraya College of Engineering,Bangalore','', 'other', '' , 'KA01@sqrfactor.in', '2016-11-26', 'India','Karnataka','Bangalore','C101',1,'School of Architecture
University Visvesvaraya College of Engineering''s Official Account', '\\images\\colleges\\college-default.jpg');
Insert into user_details values (95,'Manipal School of Architecture & Planning,Manipal','', 'other', '' , 'KA02@sqrfactor.in', '2016-11-26', 'India','Karnataka','Manipal','C101',1,'Manipal School of Architecture & Planning''s Official Account', '\\images\\colleges\\college-default.jpg');
Insert into user_details values (96,'School of Architecture
BMS College of Engineering,Bangalore','', 'other', '' , 'KA03@sqrfactor.in', '2016-11-26', 'India','Karnataka','Bangalore','C101',1,'School of Architecture
BMS College of Engineering''s Official Account', '\\images\\colleges\\college-default.jpg');
Insert into user_details values (97,'KLE Technological University Vidyanagar
,Hubli','', 'other', '' , 'KA05@sqrfactor.in', '2016-11-26', 'India','Karnataka','Hubli','C101',1,'KLE Technological University Vidyanagar
''s Official Account', '\\images\\colleges\\college-default.jpg');
Insert into user_details values (98,'School of Architecture
Poojya Doddappa Appa College of Engineering Gulbarga,Gulbarga','', 'other', '' , 'KA06@sqrfactor.in', '2016-11-26', 'India','Karnataka','Gulbarga','C101',1,'School of Architecture
Poojya Doddappa Appa College of Engineering Gulbarga''s Official Account', '\\images\\colleges\\college-default.jpg');
Insert into user_details values (99,'Dayananda Sagar College of Engineering,Bangalore','', 'other', '' , 'KA07@sqrfactor.in', '2016-11-26', 'India','Karnataka','Bangalore','C101',1,'Dayananda Sagar College of Engineering''s Official Account', '\\images\\colleges\\college-default.jpg');
Insert into user_details values (100,'BLDE Association's V.P. Dr. P. G. Halakatti,Bijapur','', 'other', '' , 'KA08@sqrfactor.in', '2016-11-26', 'India','Karnataka','Bijapur','C101',1,'BLDE Association's V.P. Dr. P. G. Halakatti''s Official Account', '\\images\\colleges\\college-default.jpg');
Insert into user_details values (101,'Malik Sandal Institute of Art & Architecture,Bijapur','', 'other', '' , 'KA09@sqrfactor.in', '2016-11-26', 'India','Karnataka','Bijapur','C101',1,'Malik Sandal Institute of Art & Architecture''s Official Account', '\\images\\colleges\\college-default.jpg');
Insert into user_details values (102,'MS Ramaiah Institute of Technology,Bangalore','', 'other', '' , 'KA11@sqrfactor.in', '2016-11-26', 'India','Karnataka','Bangalore','C101',1,'MS Ramaiah Institute of Technology''s Official Account', '\\images\\colleges\\college-default.jpg');
Insert into user_details values (103,'R.V. College of Architecture (RVCA),Bangalore','', 'other', '' , 'KA12@sqrfactor.in', '2016-11-26', 'India','Karnataka','Bangalore','C101',1,'R.V. College of Architecture (RVCA)''s Official Account', '\\images\\colleges\\college-default.jpg');
Insert into user_details values (104,'Siddaganga Institute of Technology,TUMKUR','', 'other', '' , 'KA13@sqrfactor.in', '2016-11-26', 'India','Karnataka','TUMKUR','C101',1,'Siddaganga Institute of Technology''s Official Account', '\\images\\colleges\\college-default.jpg');
Insert into user_details values (105,'Karnataka Law Society's Gogte Institute of Technology,BELGAUM','', 'other', '' , 'KA14@sqrfactor.in', '2016-11-26', 'India','Karnataka','BELGAUM','C101',1,'Karnataka Law Society's Gogte Institute of Technology''s Official Account', '\\images\\colleges\\college-default.jpg');
Insert into user_details values (106,'The University School of Design, university of Mysore,MYSORE','', 'other', '' , 'KA15@sqrfactor.in', '2016-11-26', 'India','Karnataka','MYSORE','C101',1,'The University School of Design, university of Mysore''s Official Account', '\\images\\colleges\\college-default.jpg');
Insert into user_details values (107,'Acharyas NRV School of Architecture,Bangalore','', 'other', '' , 'KA16@sqrfactor.in', '2016-11-26', 'India','Karnataka','Bangalore','C101',1,'Acharyas NRV School of Architecture''s Official Account', '\\images\\colleges\\college-default.jpg');
Insert into user_details values (108,'BMS School of Architecture,Bangalore','', 'other', '' , 'KA17@sqrfactor.in', '2016-11-26', 'India','Karnataka','Bangalore','C101',1,'BMS School of Architecture''s Official Account', '\\images\\colleges\\college-default.jpg');
Insert into user_details values (109,'Bharath Seva Dals Dr.M.C.Modi Memorial Aakar Academy of Architecture,Bangalore','', 'other', '' , 'KA18@sqrfactor.in', '2016-11-26', 'India','Karnataka','Bangalore','C101',1,'Bharath Seva Dals Dr.M.C.Modi Memorial Aakar Academy of Architecture''s Official Account', '\\images\\colleges\\college-default.jpg');
Insert into user_details values (110,'The Oxford School of Architecture The Oxford College of Engineering,Bangalore','', 'other', '' , 'KA19@sqrfactor.in', '2016-11-26', 'India','Karnataka','Bangalore','C101',1,'The Oxford School of Architecture The Oxford College of Engineering''s Official Account', '\\images\\colleges\\college-default.jpg');
Insert into user_details values (111,'Srinivas Institute of Technology
,Managalore','', 'other', '' , 'KA21@sqrfactor.in', '2016-11-26', 'India','Karnataka','Managalore','C101',1,'Srinivas Institute of Technology
''s Official Account', '\\images\\colleges\\college-default.jpg');
Insert into user_details values (112,'Dayananda Sagar Academy of Technology and Management,Bangalore','', 'other', '' , 'KA22@sqrfactor.in', '2016-11-26', 'India','Karnataka','Bangalore','C101',1,'Dayananda Sagar Academy of Technology and Management''s Official Account', '\\images\\colleges\\college-default.jpg');
Insert into user_details values (113,'JB School of Architecture & Planning
,Bangalore','', 'other', '' , 'KA24@sqrfactor.in', '2016-11-26', 'India','Karnataka','Bangalore','C101',1,'JB School of Architecture & Planning
''s Official Account', '\\images\\colleges\\college-default.jpg');
Insert into user_details values (114,'IMPACT School of Architecture Impact Campus,Bangalore','', 'other', '' , 'KA25@sqrfactor.in', '2016-11-26', 'India','Karnataka','Bangalore','C101',1,'IMPACT School of Architecture Impact Campus''s Official Account', '\\images\\colleges\\college-default.jpg');
Insert into user_details values (115,'Best School of Architecture,Belagumba Tumkur','', 'other', '' , 'KA26@sqrfactor.in', '2016-11-26', 'India','Karnataka','Belagumba Tumkur','C101',1,'Best School of Architecture''s Official Account', '\\images\\colleges\\college-default.jpg');
Insert into user_details values (116,'Gopalan School of Architecture and Planning,,Bangalore','', 'other', '' , 'KA27@sqrfactor.in', '2016-11-26', 'India','Karnataka','Bangalore','C101',1,'Gopalan School of Architecture and Planning,''s Official Account', '\\images\\colleges\\college-default.jpg');
Insert into user_details values (117,'R.R.School of Architecture
,Bangalore','', 'other', '' , 'KA28@sqrfactor.in', '2016-11-26', 'India','Karnataka','Bangalore','C101',1,'R.R.School of Architecture
''s Official Account', '\\images\\colleges\\college-default.jpg');
Insert into user_details values (118,'CA-01, University Layout,mysore','', 'other', '' , 'KA29@sqrfactor.in', '2016-11-26', 'India','Karnataka','mysore','C101',1,'CA-01, University Layout''s Official Account', '\\images\\colleges\\college-default.jpg');
Insert into user_details values (119,'GS School of Architecture and Planning ,Bangalore','', 'other', '' , 'KA30@sqrfactor.in', '2016-11-26', 'India','Karnataka','Bangalore','C101',1,'GS School of Architecture and Planning ''s Official Account', '\\images\\colleges\\college-default.jpg');
Insert into user_details values (120,'Bearys Enviro-Architecture Design School BIT Knowledge Campus
,Mangalore','', 'other', '' , 'KA31@sqrfactor.in', '2016-11-26', 'India','Karnataka','Mangalore','C101',1,'Bearys Enviro-Architecture Design School BIT Knowledge Campus
''s Official Account', '\\images\\colleges\\college-default.jpg');
Insert into user_details values (121,'Nitte Institute of Architecture Nitte Campus,Mangalore','', 'other', '' , 'KA32@sqrfactor.in', '2016-11-26', 'India','Karnataka','Mangalore','C101',1,'Nitte Institute of Architecture Nitte Campus''s Official Account', '\\images\\colleges\\college-default.jpg');
Insert into user_details values (122,'K.S.School of Architecture
,Bangalore','', 'other', '' , 'KA33@sqrfactor.in', '2016-11-26', 'India','Karnataka','Bangalore','C101',1,'K.S.School of Architecture
''s Official Account', '\\images\\colleges\\college-default.jpg');
Insert into user_details values (123,'Wadiyar Centre For Architecture,mysore','', 'other', '' , 'KA34@sqrfactor.in', '2016-11-26', 'India','Karnataka','mysore','C101',1,'Wadiyar Centre For Architecture''s Official Account', '\\images\\colleges\\college-default.jpg');
Insert into user_details values (124,'Aditya Academy of Architecture & Design,Bangalore','', 'other', '' , 'KA35@sqrfactor.in', '2016-11-26', 'India','Karnataka','Bangalore','C101',1,'Aditya Academy of Architecture & Design''s Official Account', '\\images\\colleges\\college-default.jpg');
Insert into user_details values (125,' Reva University,Bangalore','', 'other', '' , 'KA36@sqrfactor.in', '2016-11-26', 'India','Karnataka','Bangalore','C101',1,' Reva University''s Official Account', '\\images\\colleges\\college-default.jpg');
Insert into user_details values (126,'CMR University,Bangalore','', 'other', '' , 'KA37@sqrfactor.in', '2016-11-26', 'India','Karnataka','Bangalore','C101',1,'CMR University''s Official Account', '\\images\\colleges\\college-default.jpg');
Insert into user_details values (127,'HMS Institute of Technology,Tumkur','', 'other', '' , 'KA38@sqrfactor.in', '2016-11-26', 'India','Karnataka','Tumkur','C101',1,'HMS Institute of Technology''s Official Account', '\\images\\colleges\\college-default.jpg');
Insert into user_details values (128,'School of Architecture College of Engineering, Engineering College P.O.,Thiruvananthapuram','', 'other', '' , 'KL01@sqrfactor.in', '2016-11-26', 'India','kerala','Thiruvananthapuram','C101',1,'School of Architecture College of Engineering, Engineering College P.O.''s Official Account', '\\images\\colleges\\college-default.jpg');
Insert into user_details values (129,'TKM College of Engineering Thangal Kunju Musalir,Kollam','', 'other', '' , 'KL02@sqrfactor.in', '2016-11-26', 'India','kerala','Kollam','C101',1,'TKM College of Engineering Thangal Kunju Musalir''s Official Account', '\\images\\colleges\\college-default.jpg');
Insert into user_details values (130,'MES College of Engineering,Thrikkanapuram','', 'other', '' , 'KL03@sqrfactor.in', '2016-11-26', 'India','kerala','Thrikkanapuram','C101',1,'MES College of Engineering''s Official Account', '\\images\\colleges\\college-default.jpg');
Insert into user_details values (131,'National Institute of Technology Calicut (Deemed University),Kozhikode','', 'other', '' , 'KL04@sqrfactor.in', '2016-11-26', 'India','Kerala','Kozhikode','C101',1,'National Institute of Technology Calicut (Deemed University)''s Official Account', '\\images\\colleges\\college-default.jpg');
Insert into user_details values (132,'Government Engineering College,Thrissur','', 'other', '' , 'KL05@sqrfactor.in', '2016-11-26', 'India','kerala','Thrissur','C101',1,'Government Engineering College''s Official Account', '\\images\\colleges\\college-default.jpg');
Insert into user_details values (133,'Devaki Amma's Guruvayurappan College of Architecture,Malappuram','', 'other', '' , 'KL07@sqrfactor.in', '2016-11-26', 'India','kerala','Malappuram','C101',1,'Devaki Amma's Guruvayurappan College of Architecture''s Official Account', '\\images\\colleges\\college-default.jpg');
Insert into user_details values (134,'Bishop Jerome School of Architecture & Design,Kollam','', 'other', '' , 'KL08@sqrfactor.in', '2016-11-26', 'India','Kerala','Kollam','C101',1,'Bishop Jerome School of Architecture & Design''s Official Account', '\\images\\colleges\\college-default.jpg');
Insert into user_details values (135,'Rajiv Gandhi Institute of Technology Vellor ,Kottayam','', 'other', '' , 'KL09@sqrfactor.in', '2016-11-26', 'India','kerala','Kottayam','C101',1,'Rajiv Gandhi Institute of Technology Vellor ''s Official Account', '\\images\\colleges\\college-default.jpg');
Insert into user_details values (136,'Holy Crescent College of Architecture Malipuram Nagar, South Vazhakulam Alwaye,Alwaye','', 'other', '' , 'KL10@sqrfactor.in', '2016-11-26', 'India','kerala','Alwaye','C101',1,'Holy Crescent College of Architecture Malipuram Nagar, South Vazhakulam Alwaye''s Official Account', '\\images\\colleges\\college-default.jpg');
Insert into user_details values (137,'TKM School of Architecture,Kollam','', 'other', '' , 'KL11@sqrfactor.in', '2016-11-26', 'India','kerala','Kollam','C101',1,'TKM School of Architecture''s Official Account', '\\images\\colleges\\college-default.jpg');
Insert into user_details values (138,'College of Architecture Trivandrum Thinavila,Trivandrum','', 'other', '' , 'KL12@sqrfactor.in', '2016-11-26', 'India','Kerala','Trivandrum','C101',1,'College of Architecture Trivandrum Thinavila''s Official Account', '\\images\\colleges\\college-default.jpg');
Insert into user_details values (139,'IES College of Architecture,Thrissur','', 'other', '' , 'KL14@sqrfactor.in', '2016-11-26', 'India','Kerala','Thrissur','C101',1,'IES College of Architecture''s Official Account', '\\images\\colleges\\college-default.jpg');
Insert into user_details values (140,'Al Salama Institute of Architecture ,Malaparamba','', 'other', '' , 'KL15@sqrfactor.in', '2016-11-26', 'India','Kerala','Malaparamba','C101',1,'Al Salama Institute of Architecture ''s Official Account', '\\images\\colleges\\college-default.jpg');
Insert into user_details values (141,'Sneha College of Architecture Attayampathi,Palakkad','', 'other', '' , 'KL16@sqrfactor.in', '2016-11-26', 'India','Kerala','Palakkad','C101',1,'Sneha College of Architecture Attayampathi''s Official Account', '\\images\\colleges\\college-default.jpg');
Insert into user_details values (142,'College of Engineering and Technology Payyanur,Mathamangalam','', 'other', '' , 'KL17@sqrfactor.in', '2016-11-26', 'India','kerala','Mathamangalam','C101',1,'College of Engineering and Technology Payyanur''s Official Account', '\\images\\colleges\\college-default.jpg');
Insert into user_details values (143,'Asian School of Architecture and Design Innovation (ASADI),Cochin','', 'other', '' , 'KL18@sqrfactor.in', '2016-11-26', 'India','kerala','Cochin','C101',1,'Asian School of Architecture and Design Innovation (ASADI)''s Official Account', '\\images\\colleges\\college-default.jpg');
Insert into user_details values (144,'Global Institute of Architecture Peradikunnu,Palakkad','', 'other', '' , 'KL19@sqrfactor.in', '2016-11-26', 'India','kerala','Palakkad','C101',1,'Global Institute of Architecture Peradikunnu''s Official Account', '\\images\\colleges\\college-default.jpg');
Insert into user_details values (145,'KMCT College of Architecture Manassery,Kozhikode','', 'other', '' , 'KL20@sqrfactor.in', '2016-11-26', 'India','kerala','Kozhikode','C101',1,'KMCT College of Architecture Manassery''s Official Account', '\\images\\colleges\\college-default.jpg');
Insert into user_details values (146,'KMCT College of Architecture Kallanthode, NIT,Kozhikode','', 'other', '' , 'KL21@sqrfactor.in', '2016-11-26', 'India','kerala','Kozhikode','C101',1,'KMCT College of Architecture Kallanthode, NIT''s Official Account', '\\images\\colleges\\college-default.jpg');
Insert into user_details values (147,'KMEA College of Architecture Kuzhivelipady,Ernakulam','', 'other', '' , 'KL22@sqrfactor.in', '2016-11-26', 'India','kerala','Ernakulam','C101',1,'KMEA College of Architecture Kuzhivelipady''s Official Account', '\\images\\colleges\\college-default.jpg');
Insert into user_details values (148,'Mookambika Technical Campus,Muvattupuzha','', 'other', '' , 'KL23@sqrfactor.in', '2016-11-26', 'India','kerala','Muvattupuzha','C101',1,'Mookambika Technical Campus''s Official Account', '\\images\\colleges\\college-default.jpg');
Insert into user_details values (149,'MES College of Architecture Nedumala Kunnu,Kozhikode','', 'other', '' , 'KL24@sqrfactor.in', '2016-11-26', 'India','Kerala','Kozhikode','C101',1,'MES College of Architecture Nedumala Kunnu''s Official Account', '\\images\\colleges\\college-default.jpg');
Insert into user_details values (150,'Marian College of Architecture & Planning,Thiruvananthapuram','', 'other', '' , 'KL26@sqrfactor.in', '2016-11-26', 'India','Kerala','Thiruvananthapuram','C101',1,'Marian College of Architecture & Planning''s Official Account', '\\images\\colleges\\college-default.jpg');
Insert into user_details values (151,'Mangalam School of Architecture and Planning,Kottayam','', 'other', '' , 'KL27@sqrfactor.in', '2016-11-26', 'India','Kerala','Kottayam','C101',1,'Mangalam School of Architecture and Planning''s Official Account', '\\images\\colleges\\college-default.jpg');
Insert into user_details values (152,'Mark School of Architecture Roadvila,Kollam','', 'other', '' , 'KL28@sqrfactor.in', '2016-11-26', 'India','Kerala','Kollam','C101',1,'Mark School of Architecture Roadvila''s Official Account', '\\images\\colleges\\college-default.jpg');
Insert into user_details values (153,'Eranad Knowledge City College of Architecture,Manjeri','', 'other', '' , 'KL29@sqrfactor.in', '2016-11-26', 'India','Kerala','Manjeri','C101',1,'Eranad Knowledge City College of Architecture''s Official Account', '\\images\\colleges\\college-default.jpg');
Insert into user_details values (154,'SCMS School of Architecture Vidya Nagar,Ernakulam','', 'other', '' , 'KL30@sqrfactor.in', '2016-11-26', 'India','Kerala','Ernakulam','C101',1,'SCMS School of Architecture Vidya Nagar''s Official Account', '\\images\\colleges\\college-default.jpg');
Insert into user_details values (155,'Vedavyasa College of Architecture Karadparamba ,Karadparamba','', 'other', '' , 'KL31@sqrfactor.in', '2016-11-26', 'India','Kerala','Karadparamba','C101',1,'Vedavyasa College of Architecture Karadparamba ''s Official Account', '\\images\\colleges\\college-default.jpg');
Insert into user_details values (156,'Thejus College of Architecture Vellarakkad
,Thrissur','', 'other', '' , 'KL32@sqrfactor.in', '2016-11-26', 'India','Kerala','Thrissur','C101',1,'Thejus College of Architecture Vellarakkad
''s Official Account', '\\images\\colleges\\college-default.jpg');
Insert into user_details values (157,'D C School of Architecture and Design Pullikkanam,Vagamon','', 'other', '' , 'KL34@sqrfactor.in', '2016-11-26', 'India','Kerala','Vagamon','C101',1,'D C School of Architecture and Design Pullikkanam''s Official Account', '\\images\\colleges\\college-default.jpg');
Insert into user_details values (158,'Avani Institute of Design,Calicut','', 'other', '' , 'KL35@sqrfactor.in', '2016-11-26', 'India','Kerala','Calicut','C101',1,'Avani Institute of Design''s Official Account', '\\images\\colleges\\college-default.jpg');
Insert into user_details values (159,'Talent Institute of Architecture (TIBA),Edappal','', 'other', '' , 'KL36@sqrfactor.in', '2016-11-26', 'India','Kerala','Edappal','C101',1,'Talent Institute of Architecture (TIBA)''s Official Account', '\\images\\colleges\\college-default.jpg');
Insert into user_details values (160,'Nehru College of Architecture Lakkidi, Mangalam
,Palakkad','', 'other', '' , 'KL37@sqrfactor.in', '2016-11-26', 'India','Kerala','Palakkad','C101',1,'Nehru College of Architecture Lakkidi, Mangalam
''s Official Account', '\\images\\colleges\\college-default.jpg');
Insert into user_details values (161,'Sir J.J College of Architecture,Mumbai','', 'other', '' , 'MH01@sqrfactor.in', '2016-11-26', 'India','Maharasthra','Mumbai','C101',1,'Sir J.J College of Architecture''s Official Account', '\\images\\colleges\\college-default.jpg');
Insert into user_details values (162,'L.S.Raheja School of Architecture,Mumbai','', 'other', '' , 'MH02@sqrfactor.in', '2016-11-26', 'India','Maharasthra','Mumbai','C101',1,'L.S.Raheja School of Architecture''s Official Account', '\\images\\colleges\\college-default.jpg');
Insert into user_details values (163,'Academy of Architecture
,Mumbai','', 'other', '' , 'MH03@sqrfactor.in', '2016-11-26', 'India','Maharasthra','Mumbai','C101',1,'Academy of Architecture
''s Official Account', '\\images\\colleges\\college-default.jpg');
Insert into user_details values (164,'Visvesvaraya National Institute of Technology,Nagpur','', 'other', '' , 'MH04@sqrfactor.in', '2016-11-26', 'India','Maharasthra','Nagpur','C101',1,'Visvesvaraya National Institute of Technology''s Official Account', '\\images\\colleges\\college-default.jpg');
Insert into user_details values (165,'BKPS College of Architecture,Pune','', 'other', '' , 'MH05@sqrfactor.in', '2016-11-26', 'India','Maharasthra','Pune','C101',1,'BKPS College of Architecture''s Official Account', '\\images\\colleges\\college-default.jpg');
Insert into user_details values (166,'College of Engineering & Technology At Post-Babhulgaon,Aloka','', 'other', '' , 'MH06@sqrfactor.in', '2016-11-26', 'India','Maharasthra','Aloka','C101',1,'College of Engineering & Technology At Post-Babhulgaon''s Official Account', '\\images\\colleges\\college-default.jpg');
Insert into user_details values (167,'D.Y. Patil College of Engineering & Technology Kasaba Bavada,Kolhapur','', 'other', '' , 'MH07@sqrfactor.in', '2016-11-26', 'India','Maharasthra','Kolhapur','C101',1,'D.Y. Patil College of Engineering & Technology Kasaba Bavada''s Official Account', '\\images\\colleges\\college-default.jpg');
Insert into user_details values (168,'G.S.Mandal's Marathwada Institute of Technology,Aurangabad','', 'other', '' , 'MH08@sqrfactor.in', '2016-11-26', 'India','Maharasthra','Aurangabad','C101',1,'G.S.Mandal's Marathwada Institute of Technology''s Official Account', '\\images\\colleges\\college-default.jpg');
Insert into user_details values (169,'Shri Prince Shivaji Maratha Boarding House's College of Architecture,,Kolhapur','', 'other', '' , 'MH09@sqrfactor.in', '2016-11-26', 'India','Maharasthra','Kolhapur','C101',1,'Shri Prince Shivaji Maratha Boarding House's College of Architecture,''s Official Account', '\\images\\colleges\\college-default.jpg');
Insert into user_details values (170,'pal
Marathwada Mitra Mandal's College of Architecture
302-A, Deccan Gymk,Pune','', 'other', '' , 'MH10@sqrfactor.in', '2016-11-26', 'India','Maharasthra','Pune','C101',1,'pal
Marathwada Mitra Mandal's College of Architecture
302-A, Deccan Gymk''s Official Account', '\\images\\colleges\\college-default.jpg');
Insert into user_details values (171,'Manoharbhai Patel Institute of Engineering & Technology,Gondia','', 'other', '' , 'MH11@sqrfactor.in', '2016-11-26', 'India','Maharasthra','Gondia','C101',1,'Manoharbhai Patel Institute of Engineering & Technology''s Official Account', '\\images\\colleges\\college-default.jpg');
Insert into user_details values (172,'Jawahar Lal Nehru Engineering College ,Aurangabad','', 'other', '' , 'MH12@sqrfactor.in', '2016-11-26', 'India','Maharasthra','Aurangabad','C101',1,'Jawahar Lal Nehru Engineering College ''s Official Account', '\\images\\colleges\\college-default.jpg');
Insert into user_details values (173,'MVP College of Architecture 
N,Nasik','', 'other', '' , 'MH13@sqrfactor.in', '2016-11-26', 'India','Maharasthra','Nasik','C101',1,'MVP College of Architecture 
N''s Official Account', '\\images\\colleges\\college-default.jpg');
Insert into user_details values (174,'Bharati Vidyapeeth's College of Architecture,Navi Mumbai','', 'other', '' , 'MH14@sqrfactor.in', '2016-11-26', 'India','Maharasthra','Navi Mumbai','C101',1,'Bharati Vidyapeeth's College of Architecture''s Official Account', '\\images\\colleges\\college-default.jpg');
Insert into user_details values (175,'Kamla Raheja Vidyanidhi
Institute for Architecture & Environmental,Mumbai','', 'other', '' , 'MH15@sqrfactor.in', '2016-11-26', 'India','Maharasthra','Mumbai','C101',1,'Kamla Raheja Vidyanidhi
Institute for Architecture & Environmental''s Official Account', '\\images\\colleges\\college-default.jpg');
Insert into user_details values (176,'Dr.D.Y.Patil College of Architecture,Navi Mumbai','', 'other', '' , 'MH16@sqrfactor.in', '2016-11-26', 'India','Maharasthra','Navi Mumbai','C101',1,'Dr.D.Y.Patil College of Architecture''s Official Account', '\\images\\colleges\\college-default.jpg');
Insert into user_details values (177,'Mahatma Education Society's Pillais' College of Architecture,Panvel','', 'other', '' , 'MH17@sqrfactor.in', '2016-11-26', 'India','Maharasthra','Panvel','C101',1,'Mahatma Education Society's Pillais' College of Architecture''s Official Account', '\\images\\colleges\\college-default.jpg');
Insert into user_details values (178,'Rizvi College of Architecture Rizvi Educational Complex,Mumbai','', 'other', '' , 'MH18@sqrfactor.in', '2016-11-26', 'India','Maharasthra','Mumbai','C101',1,'Rizvi College of Architecture Rizvi Educational Complex''s Official Account', '\\images\\colleges\\college-default.jpg');
Insert into user_details values (179,'Bharati Vidyapeeth Universitys College of Architecture,Pune','', 'other', '' , 'MH19@sqrfactor.in', '2016-11-26', 'India','Maharasthra','Pune','C101',1,'Bharati Vidyapeeth Universitys College of Architecture''s Official Account', '\\images\\colleges\\college-default.jpg');
Insert into user_details values (180,'Womens Education Societys Smt.Manoramabai Mundle,Nagpur','', 'other', '' , 'MH20@sqrfactor.in', '2016-11-26', 'India','Maharasthra','Nagpur','C101',1,'Womens Education Societys Smt.Manoramabai Mundle''s Official Account', '\\images\\colleges\\college-default.jpg');
Insert into user_details values (181,'Maharshi Karve Stree Shikshan Samstha's Dr.Bhanuben Nanavati College,Pune','', 'other', '' , 'MH21@sqrfactor.in', '2016-11-26', 'India','Maharasthra','Pune','C101',1,'Maharshi Karve Stree Shikshan Samstha's Dr.Bhanuben Nanavati College''s Official Account', '\\images\\colleges\\college-default.jpg');
Insert into user_details values (182,'Shri Siddeshwar Shikshan Mandal's College of Architecture,SOLAPUR','', 'other', '' , 'MH23@sqrfactor.in', '2016-11-26', 'India','Maharasthra','SOLAPUR','C101',1,'Shri Siddeshwar Shikshan Mandal's College of Architecture''s Official Account', '\\images\\colleges\\college-default.jpg');
Insert into user_details values (183,'Appasaheb Birnale College of Architecture,SANGLI','', 'other', '' , 'MH24@sqrfactor.in', '2016-11-26', 'India','Maharasthra','SANGLI','C101',1,'Appasaheb Birnale College of Architecture''s Official Account', '\\images\\colleges\\college-default.jpg');
Insert into user_details values (184,'Kavikulguru Institute of Technology & Science,NAGPUR','', 'other', '' , 'MH25@sqrfactor.in', '2016-11-26', 'India','Maharasthra','NAGPUR','C101',1,'Kavikulguru Institute of Technology & Science''s Official Account', '\\images\\colleges\\college-default.jpg');
Insert into user_details values (185,'Priyadarshini Institute of Architecture & Design studies,Nagpur','', 'other', '' , 'MH26@sqrfactor.in', '2016-11-26', 'India','Maharasthra','Nagpur','C101',1,'Priyadarshini Institute of Architecture & Design studies''s Official Account', '\\images\\colleges\\college-default.jpg');
Insert into user_details values (186,'Indian Education Society's College of Architecture,Mumbai','', 'other', '' , 'MH27@sqrfactor.in', '2016-11-26', 'India','Maharasthra','Mumbai','C101',1,'Indian Education Society's College of Architecture''s Official Account', '\\images\\colleges\\college-default.jpg');
Insert into user_details values (187,'Dr.Baliram Hiray College of Architecture,Mumbai','', 'other', '' , 'MH28@sqrfactor.in', '2016-11-26', 'India','Maharasthra','Mumbai','C101',1,'Dr.Baliram Hiray College of Architecture''s Official Account', '\\images\\colleges\\college-default.jpg');
Insert into user_details values (188,'Pravara Rural College of Architecture,AHMEDNAGAR','', 'other', '' , 'MH29@sqrfactor.in', '2016-11-26', 'India','Maharasthra','AHMEDNAGAR','C101',1,'Pravara Rural College of Architecture''s Official Account', '\\images\\colleges\\college-default.jpg');
Insert into user_details values (189,'Vivekanand Institute of Technology's
Padmabhushan Dr.Vasantdada Patil College of architecture,PUNE','', 'other', '' , 'MH30@sqrfactor.in', '2016-11-26', 'India','Maharasthra','PUNE','C101',1,'Vivekanand Institute of Technology's
Padmabhushan Dr.Vasantdada Patil College of architecture''s Official Account', '\\images\\colleges\\college-default.jpg');
Insert into user_details values (190,'Allana College of Architecture,PUNE','', 'other', '' , 'MH31@sqrfactor.in', '2016-11-26', 'India','Maharasthra','PUNE','C101',1,'Allana College of Architecture''s Official Account', '\\images\\colleges\\college-default.jpg');
Insert into user_details values (191,'Padmashree Dr.D.Y.Patil College of Architecture,PUNE','', 'other', '' , 'MH32@sqrfactor.in', '2016-11-26', 'India','Maharasthra','PUNE','C101',1,'Padmashree Dr.D.Y.Patil College of Architecture''s Official Account', '\\images\\colleges\\college-default.jpg');
Insert into user_details values (192,'Sinhgad College of Architecture,PUNE','', 'other', '' , 'MH33@sqrfactor.in', '2016-11-26', 'India','Maharasthra','PUNE','C101',1,'Sinhgad College of Architecture''s Official Account', '\\images\\colleges\\college-default.jpg');
Insert into user_details values (193,'Late Shri Bapuraoji Deshmukh Degree College of Architecture,WARDHA','', 'other', '' , 'MH34@sqrfactor.in', '2016-11-26', 'India','Maharasthra','WARDHA','C101',1,'Late Shri Bapuraoji Deshmukh Degree College of Architecture''s Official Account', '\\images\\colleges\\college-default.jpg');
Insert into user_details values (194,'Asmita College of Architecture,THANE','', 'other', '' , 'MH39@sqrfactor.in', '2016-11-26', 'India','Maharasthra','THANE','C101',1,'Asmita College of Architecture''s Official Account', '\\images\\colleges\\college-default.jpg');
Insert into user_details values (195,'Balwant Sheth School of Architecture
SVKMs NMIMS,Mumbai','', 'other', '' , 'MH42@sqrfactor.in', '2016-11-26', 'India','Maharasthra','Mumbai','C101',1,'Balwant Sheth School of Architecture
SVKMs NMIMS''s Official Account', '\\images\\colleges\\college-default.jpg');
Insert into user_details values (196,'Shrikrishna Educational & Cultural Mandals
College of Architecture,JALGAON','', 'other', '' , 'MH44@sqrfactor.in', '2016-11-26', 'India','Maharasthra','JALGAON','C101',1,'Shrikrishna Educational & Cultural Mandals
College of Architecture''s Official Account', '\\images\\colleges\\college-default.jpg');
Insert into user_details values (197,'Samyak Sankalpa College of Architecture,THANE','', 'other', '' , 'MH45@sqrfactor.in', '2016-11-26', 'India','Maharasthra','THANE','C101',1,'Samyak Sankalpa College of Architecture''s Official Account', '\\images\\colleges\\college-default.jpg');
Insert into user_details values (198,'IDEAS-Institute of Design Education & Architecture studies,NAGPUR','', 'other', '' , 'MH47@sqrfactor.in', '2016-11-26', 'India','Maharasthra','NAGPUR','C101',1,'IDEAS-Institute of Design Education & Architecture studies''s Official Account', '\\images\\colleges\\college-default.jpg');
Insert into user_details values (199,'Vidya Vardhans Institute of Design Environment and
Architecture,NASHIK','', 'other', '' , 'MH48@sqrfactor.in', '2016-11-26', 'India','Maharasthra','NASHIK','C101',1,'Vidya Vardhans Institute of Design Environment and
Architecture''s Official Account', '\\images\\colleges\\college-default.jpg');
Insert into user_details values (200,'Vidya Pratishthans School of Architecture,PUNE','', 'other', '' , 'MH49@sqrfactor.in', '2016-11-26', 'India','Maharasthra','PUNE','C101',1,'Vidya Pratishthans School of Architecture''s Official Account', '\\images\\colleges\\college-default.jpg');
Insert into user_details values (201,'ADAs Minerva College of Architecture,PUNE','', 'other', '' , 'MH50@sqrfactor.in', '2016-11-26', 'India','Maharasthra','PUNE','C101',1,'ADAs Minerva College of Architecture''s Official Account', '\\images\\colleges\\college-default.jpg');
Insert into user_details values (202,'P.R.Patil College of Architecture,Amravati','', 'other', '' , 'MH51@sqrfactor.in', '2016-11-26', 'India','Maharasthra','Amravati','C101',1,'P.R.Patil College of Architecture''s Official Account', '\\images\\colleges\\college-default.jpg');
Insert into user_details values (203,'Radhikatai Pandav Institute of Architecture,Nagpur','', 'other', '' , 'MH52@sqrfactor.in', '2016-11-26', 'India','Maharasthra','Nagpur','C101',1,'Radhikatai Pandav Institute of Architecture''s Official Account', '\\images\\colleges\\college-default.jpg');
Insert into user_details values (204,'VIVA School of Architecture,PALGHAR','', 'other', '' , 'MH53@sqrfactor.in', '2016-11-26', 'India','Maharasthra','PALGHAR','C101',1,'VIVA School of Architecture''s Official Account', '\\images\\colleges\\college-default.jpg');
Insert into user_details values (205,'Mahatma Education Societys Pillais HOC College of Architecture,RAIGAD','', 'other', '' , 'MH54@sqrfactor.in', '2016-11-26', 'India','Maharasthra','RAIGAD','C101',1,'Mahatma Education Societys Pillais HOC College of Architecture''s Official Account', '\\images\\colleges\\college-default.jpg');
Insert into user_details values (206,'Anjuman-I-Islams Kalsekar Technical Campus,Navi Mumbai','', 'other', '' , 'MH55@sqrfactor.in', '2016-11-26', 'India','Maharasthra','Navi Mumbai','C101',1,'Anjuman-I-Islams Kalsekar Technical Campus''s Official Account', '\\images\\colleges\\college-default.jpg');
Insert into user_details values (207,'Dr.DY Patil School of Architecture,Pune','', 'other', '' , 'MH56@sqrfactor.in', '2016-11-26', 'India','Maharasthra','Pune','C101',1,'Dr.DY Patil School of Architecture''s Official Account', '\\images\\colleges\\college-default.jpg');
Insert into user_details values (208,'Lokmanya Tilak Institute of Architecture &  Design studies,Navi Mumbai','', 'other', '' , 'MH57@sqrfactor.in', '2016-11-26', 'India','Maharasthra','Navi Mumbai','C101',1,'Lokmanya Tilak Institute of Architecture &  Design studies''s Official Account', '\\images\\colleges\\college-default.jpg');
Insert into user_details values (209,'Tulsiramji Gaikwad-Patil College of Architecture,Nagpur','', 'other', '' , 'MH58@sqrfactor.in', '2016-11-26', 'India','Maharasthra','Nagpur','C101',1,'Tulsiramji Gaikwad-Patil College of Architecture''s Official Account', '\\images\\colleges\\college-default.jpg');
Insert into user_details values (210,'Oyster College of Architecture,Aurangabad','', 'other', '' , 'MH59@sqrfactor.in', '2016-11-26', 'India','Maharasthra','Aurangabad','C101',1,'Oyster College of Architecture''s Official Account', '\\images\\colleges\\college-default.jpg');
Insert into user_details values (211,'St.Wilfreds Institute of Architecture,RAIGAD','', 'other', '' , 'MH61@sqrfactor.in', '2016-11-26', 'India','Maharasthra','RAIGAD','C101',1,'St.Wilfreds Institute of Architecture''s Official Account', '\\images\\colleges\\college-default.jpg');
Insert into user_details values (212,'Aayojan School of Architecture and Design,Pune','', 'other', '' , 'MH62@sqrfactor.in', '2016-11-26', 'India','Maharasthra','Pune','C101',1,'Aayojan School of Architecture and Design''s Official Account', '\\images\\colleges\\college-default.jpg');
Insert into user_details values (213,'Khandesh College Education Societys Ojaswini College of Architecture and Design,JALGAON','', 'other', '' , 'MH63@sqrfactor.in', '2016-11-26', 'India','Maharasthra','JALGAON','C101',1,'Khandesh College Education Societys Ojaswini College of Architecture and Design''s Official Account', '\\images\\colleges\\college-default.jpg');
Insert into user_details values (214,'Shri Sharada Bhavan Education Societys Academy of Architecture,Nanded','', 'other', '' , 'MH64@sqrfactor.in', '2016-11-26', 'India','Maharasthra','Nanded','C101',1,'Shri Sharada Bhavan Education Societys Academy of Architecture''s Official Account', '\\images\\colleges\\college-default.jpg');
Insert into user_details values (215,'Patel College of Architecture,Aurangabad','', 'other', '' , 'MH65@sqrfactor.in', '2016-11-26', 'India','Maharasthra','Aurangabad','C101',1,'Patel College of Architecture''s Official Account', '\\images\\colleges\\college-default.jpg');
Insert into user_details values (216,'BRICK School of Architecture,Pune','', 'other', '' , 'MH66@sqrfactor.in', '2016-11-26', 'India','Maharasthra','Pune','C101',1,'BRICK School of Architecture''s Official Account', '\\images\\colleges\\college-default.jpg');
Insert into user_details values (217,'Aditya College of Architecture,Mumbai','', 'other', '' , 'MH67@sqrfactor.in', '2016-11-26', 'India','Maharasthra','Mumbai','C101',1,'Aditya College of Architecture''s Official Account', '\\images\\colleges\\college-default.jpg');
Insert into user_details values (218,'Pravara Rural Education Societys College of Architecture
,Chincholi','', 'other', '' , 'MH68@sqrfactor.in', '2016-11-26', 'India','Maharasthra','Chincholi','C101',1,'Pravara Rural Education Societys College of Architecture
''s Official Account', '\\images\\colleges\\college-default.jpg');
Insert into user_details values (219,'Symbiosis School of Planning & Architecture Symbiosis International,Pune','', 'other', '' , 'MH69@sqrfactor.in', '2016-11-26', 'India','Maharasthra','Pune','C101',1,'Symbiosis School of Planning & Architecture Symbiosis International''s Official Account', '\\images\\colleges\\college-default.jpg');
Insert into user_details values (220,'Smt.Premalati Chavan College of Architecture At-Post- Wagheri,Wagheri','', 'other', '' , 'MH70@sqrfactor.in', '2016-11-26', 'India','Maharasthra','Wagheri','C101',1,'Smt.Premalati Chavan College of Architecture At-Post- Wagheri''s Official Account', '\\images\\colleges\\college-default.jpg');
Insert into user_details values (221,'Akhil Bharatiya Maratha Shikshan Parishads Anantrao Pawar College of Architecture,Pune','', 'other', '' , 'MH71@sqrfactor.in', '2016-11-26', 'India','Maharasthra','Pune','C101',1,'Akhil Bharatiya Maratha Shikshan Parishads Anantrao Pawar College of Architecture''s Official Account', '\\images\\colleges\\college-default.jpg');
Insert into user_details values (222,'IDEAL Institute of Architecture,Thane','', 'other', '' , 'MH72@sqrfactor.in', '2016-11-26', 'India','Maharasthra','Thane','C101',1,'IDEAL Institute of Architecture''s Official Account', '\\images\\colleges\\college-default.jpg');
Insert into user_details values (223,'Thakur School of Architecture & Planning,Pune','', 'other', '' , 'MH73@sqrfactor.in', '2016-11-26', 'India','Maharasthra','Pune','C101',1,'Thakur School of Architecture & Planning''s Official Account', '\\images\\colleges\\college-default.jpg');
Insert into user_details values (224,'S.B.Patil College of Architecture & Design,Pune','', 'other', '' , 'MH74@sqrfactor.in', '2016-11-26', 'India','Maharasthra','Pune','C101',1,'S.B.Patil College of Architecture & Design''s Official Account', '\\images\\colleges\\college-default.jpg');
Insert into user_details values (225,'D.Y.Patil School of Architecture,Pune','', 'other', '' , 'MH75@sqrfactor.in', '2016-11-26', 'India','Maharasthra','Pune','C101',1,'D.Y.Patil School of Architecture''s Official Account', '\\images\\colleges\\college-default.jpg');
Insert into user_details values (226,'School of Environment and Architecture,Mumbai','', 'other', '' , 'MH76@sqrfactor.in', '2016-11-26', 'India','Maharasthra','Mumbai','C101',1,'School of Environment and Architecture''s Official Account', '\\images\\colleges\\college-default.jpg');
Insert into user_details values (227,'C.T.E.S.College of Architecture C/o.N.G.Acharya & D.K.Marathe College,Mumbai','', 'other', '' , 'MH77@sqrfactor.in', '2016-11-26', 'India','Maharasthra','Mumbai','C101',1,'C.T.E.S.College of Architecture C/o.N.G.Acharya & D.K.Marathe College''s Official Account', '\\images\\colleges\\college-default.jpg');
Insert into user_details values (228,'Shree Chanakya Education Society's Indira College of Architecture and Design,Pune','', 'other', '' , 'MH78@sqrfactor.in', '2016-11-26', 'India','Maharasthra','Pune','C101',1,'Shree Chanakya Education Society's Indira College of Architecture and Design''s Official Account', '\\images\\colleges\\college-default.jpg');
Insert into user_details values (229,'Trinity College of Architecture,Pune','', 'other', '' , 'MH79@sqrfactor.in', '2016-11-26', 'India','Maharasthra','Pune','C101',1,'Trinity College of Architecture''s Official Account', '\\images\\colleges\\college-default.jpg');
Insert into user_details values (230,'Jai Shri Siddhivinayak Foundation Trust's
,Thane','', 'other', '' , 'MH80@sqrfactor.in', '2016-11-26', 'India','Maharasthra','Thane','C101',1,'Jai Shri Siddhivinayak Foundation Trust's
''s Official Account', '\\images\\colleges\\college-default.jpg');
Insert into user_details values (231,'Jhulelal Institute of Architecture,Nagpur','', 'other', '' , 'MH81@sqrfactor.in', '2016-11-26', 'India','Maharashtra','Nagpur','C101',1,'Jhulelal Institute of Architecture''s Official Account', '\\images\\colleges\\college-default.jpg');
Insert into user_details values (232,'Ideal College of Architecture,Kolhapur','', 'other', '' , 'MH82@sqrfactor.in', '2016-11-26', 'India','Maharashtra','Kolhapur','C101',1,'Ideal College of Architecture''s Official Account', '\\images\\colleges\\college-default.jpg');
Insert into user_details values (233,'Datta Meghe College of Architecture,Nagpur','', 'other', '' , 'MH83@sqrfactor.in', '2016-11-26', 'India','Maharashtra','Nagpur','C101',1,'Datta Meghe College of Architecture''s Official Account', '\\images\\colleges\\college-default.jpg');
Insert into user_details values (234,'Yashoda College of Architecture,Satara','', 'other', '' , 'MH84@sqrfactor.in', '2016-11-26', 'India','Maharashtra','Satara','C101',1,'Yashoda College of Architecture''s Official Account', '\\images\\colleges\\college-default.jpg');
Insert into user_details values (235,'Amity School of Architecture and Planning,
,Panvel','', 'other', '' , 'MH85@sqrfactor.in', '2016-11-26', 'India','Maharashtra','Panvel','C101',1,'Amity School of Architecture and Planning,
''s Official Account', '\\images\\colleges\\college-default.jpg');
Insert into user_details values (236,'Smt.Kashibai Navale College of Architecture,Pune','', 'other', '' , 'MH86@sqrfactor.in', '2016-11-26', 'India','Maharashtra','Pune','C101',1,'Smt.Kashibai Navale College of Architecture''s Official Account', '\\images\\colleges\\college-default.jpg');
Insert into user_details values (237,'North-Eastern Hill Architecture,Shillong','', 'other', '' , 'ML01@sqrfactor.in', '2016-11-26', 'India','Meghalaya','Shillong','C101',1,'North-Eastern Hill Architecture''s Official Account', '\\images\\colleges\\college-default.jpg');
Insert into user_details values (238,'Maulana Azad National Institute of Technology,Bhopal','', 'other', '' , 'MP01@sqrfactor.in', '2016-11-26', 'India','Madhya Pradesh','Bhopal','C101',1,'Maulana Azad National Institute of Technology''s Official Account', '\\images\\colleges\\college-default.jpg');
Insert into user_details values (239,'Madhav Institute of Technology & Science,Gwalior','', 'other', '' , 'MP02@sqrfactor.in', '2016-11-26', 'India','Madhya Pradesh','Gwalior','C101',1,'Madhav Institute of Technology & Science''s Official Account', '\\images\\colleges\\college-default.jpg');
Insert into user_details values (240,'I.P.S.Academy's School of Architecture Rajendra Nagar,Indore','', 'other', '' , 'MP04@sqrfactor.in', '2016-11-26', 'India','Madhya Pradesh','Indore','C101',1,'I.P.S.Academy's School of Architecture Rajendra Nagar''s Official Account', '\\images\\colleges\\college-default.jpg');
Insert into user_details values (241,'College of Architecture SDPS Womens College
,Indore','', 'other', '' , 'MP05@sqrfactor.in', '2016-11-26', 'India','Madhya Pradesh','Indore','C101',1,'College of Architecture SDPS Womens College
''s Official Account', '\\images\\colleges\\college-default.jpg');
Insert into user_details values (242,'Hitkarni College of Architecture & Town Planning,Jabalpur','', 'other', '' , 'MP06@sqrfactor.in', '2016-11-26', 'India','Madhya Pradesh','Jabalpur','C101',1,'Hitkarni College of Architecture & Town Planning''s Official Account', '\\images\\colleges\\college-default.jpg');
Insert into user_details values (243,'Bagulamukhi College of Architecture
,Bhopal','', 'other', '' , 'MP07@sqrfactor.in', '2016-11-26', 'India','Madhya Pradesh','Bhopal','C101',1,'Bagulamukhi College of Architecture
''s Official Account', '\\images\\colleges\\college-default.jpg');
Insert into user_details values (244,'Amity School of Architecture & Planning Amity University,Gwalior','', 'other', '' , 'MP08@sqrfactor.in', '2016-11-26', 'India','Madhya Pradesh','Gwalior','C101',1,'Amity School of Architecture & Planning Amity University''s Official Account', '\\images\\colleges\\college-default.jpg');
Insert into user_details values (245,'ITM University, Gwalior,Gwalior','', 'other', '' , 'MP09@sqrfactor.in', '2016-11-26', 'India','Madhya Pradesh','Gwalior','C101',1,'ITM University, Gwalior''s Official Account', '\\images\\colleges\\college-default.jpg');
Insert into user_details values (246,'School of Planning & Architecture,Bhopal','', 'other', '' , 'MP10@sqrfactor.in', '2016-11-26', 'India','Madhya Pradesh','Bhopal','C101',1,'School of Planning & Architecture''s Official Account', '\\images\\colleges\\college-default.jpg');
Insert into user_details values (247,'RKDF University,Bhopal','', 'other', '' , 'MP11@sqrfactor.in', '2016-11-26', 'India','Madhya Pradesh','Bhopal','C101',1,'RKDF University''s Official Account', '\\images\\colleges\\college-default.jpg');
Insert into user_details values (248,'Department of Planning and Architecture,Aizwal','', 'other', '' , 'MZ01@sqrfactor.in', '2016-11-26', 'India','Mizoram','Aizwal','C101',1,'Department of Planning and Architecture''s Official Account', '\\images\\colleges\\college-default.jpg');
Insert into user_details values (249,'Faculty of Architecture and Design College of Engineering & Technology,Bhubaneswar','', 'other', '' , 'OR01@sqrfactor.in', '2016-11-26', 'India','odisha','Bhubaneswar','C101',1,'Faculty of Architecture and Design College of Engineering & Technology''s Official Account', '\\images\\colleges\\college-default.jpg');
Insert into user_details values (250,'Piloo-Mody College of Architecture Ajay-Binay Institute of Technology,Cuttack','', 'other', '' , 'OR02@sqrfactor.in', '2016-11-26', 'India','odisha','Cuttack','C101',1,'Piloo-Mody College of Architecture Ajay-Binay Institute of Technology''s Official Account', '\\images\\colleges\\college-default.jpg');
Insert into user_details values (251,'School of Architecture and Planning,Bhubaneswar','', 'other', '' , 'OR03@sqrfactor.in', '2016-11-26', 'India','Odisha','Bhubaneswar','C101',1,'School of Architecture and Planning''s Official Account', '\\images\\colleges\\college-default.jpg');
Insert into user_details values (252,'School of Architecture, Planning & Design Ramchandrapur Jatni,khurda','', 'other', '' , 'OR04@sqrfactor.in', '2016-11-26', 'India','Odisha','khurda','C101',1,'School of Architecture, Planning & Design Ramchandrapur Jatni''s Official Account', '\\images\\colleges\\college-default.jpg');
Insert into user_details values (253,'SGI School of Architecture,Khordha','', 'other', '' , 'OR05@sqrfactor.in', '2016-11-26', 'India','Odisha','Khordha','C101',1,'SGI School of Architecture''s Official Account', '\\images\\colleges\\college-default.jpg');
Insert into user_details values (254,'National Institute of Technology,Rourkela','', 'other', '' , 'OR06@sqrfactor.in', '2016-11-26', 'India','Odisha','Rourkela','C101',1,'National Institute of Technology''s Official Account', '\\images\\colleges\\college-default.jpg');
Insert into user_details values (255,'Sri Sri University,Cuttack','', 'other', '' , 'OR07@sqrfactor.in', '2016-11-26', 'India','Odisha','Cuttack','C101',1,'Sri Sri University''s Official Account', '\\images\\colleges\\college-default.jpg');
Insert into user_details values (256,'Guru Nanak Dev University,Amritsar','', 'other', '' , 'PJ01@sqrfactor.in', '2016-11-26', 'India','Punjab','Amritsar','C101',1,'Guru Nanak Dev University''s Official Account', '\\images\\colleges\\college-default.jpg');
Insert into user_details values (257,'Giani Zail Singh Punjab Technology University Campus,Bhatinda','', 'other', '' , 'PJ02@sqrfactor.in', '2016-11-26', 'India','Punjab','Bhatinda','C101',1,'Giani Zail Singh Punjab Technology University Campus''s Official Account', '\\images\\colleges\\college-default.jpg');
Insert into user_details values (258,'Indo Global College of Architecture,Mohali','', 'other', '' , 'PJ03@sqrfactor.in', '2016-11-26', 'India','Punjab','Mohali','C101',1,'Indo Global College of Architecture''s Official Account', '\\images\\colleges\\college-default.jpg');
Insert into user_details values (259,'Chitkara School of Planning & Architecture,Rajpura','', 'other', '' , 'PJ04@sqrfactor.in', '2016-11-26', 'India','Punjab','Rajpura','C101',1,'Chitkara School of Planning & Architecture''s Official Account', '\\images\\colleges\\college-default.jpg');
Insert into user_details values (260,'I.E.T Bhaddal, I.E.T Campus,Ropar','', 'other', '' , 'PJ05@sqrfactor.in', '2016-11-26', 'India','Punjab','Ropar','C101',1,'I.E.T Bhaddal, I.E.T Campus''s Official Account', '\\images\\colleges\\college-default.jpg');
Insert into user_details values (261,'Lovely School of Architecture & Design,Jalandhar','', 'other', '' , 'PJ06@sqrfactor.in', '2016-11-26', 'India','Punjab','Jalandhar','C101',1,'Lovely School of Architecture & Design''s Official Account', '\\images\\colleges\\college-default.jpg');
Insert into user_details values (262,'RIMT College of Architecture,Mandi Gobindgarh','', 'other', '' , 'PJ07@sqrfactor.in', '2016-11-26', 'India','Punjab','Mandi Gobindgarh','C101',1,'RIMT College of Architecture''s Official Account', '\\images\\colleges\\college-default.jpg');
Insert into user_details values (263,'Surya School of Architecture,Patiala','', 'other', '' , 'PJ08@sqrfactor.in', '2016-11-26', 'India','Punjab','Patiala','C101',1,'Surya School of Architecture''s Official Account', '\\images\\colleges\\college-default.jpg');
Insert into user_details values (264,'Sai School of Architecture Manawala
,Amritsar','', 'other', '' , 'PJ09@sqrfactor.in', '2016-11-26', 'India','Punjab','Amritsar','C101',1,'Sai School of Architecture Manawala
''s Official Account', '\\images\\colleges\\college-default.jpg');
Insert into user_details values (265,'Sri Sai School of Architecture Badhani
,Pathankot','', 'other', '' , 'PJ10@sqrfactor.in', '2016-11-26', 'India','Punjab','Pathankot','C101',1,'Sri Sai School of Architecture Badhani
''s Official Account', '\\images\\colleges\\college-default.jpg');
Insert into user_details values (266,'University Institute of Architecture,Mohali','', 'other', '' , 'PJ11@sqrfactor.in', '2016-11-26', 'India','Punjab','Mohali','C101',1,'University Institute of Architecture''s Official Account', '\\images\\colleges\\college-default.jpg');
Insert into user_details values (267,'Punjab Institute of Technology,Mohali','', 'other', '' , 'PJ12@sqrfactor.in', '2016-11-26', 'India','Punjab','Mohali','C101',1,'Punjab Institute of Technology''s Official Account', '\\images\\colleges\\college-default.jpg');
Insert into user_details values (268,'CT Institute of Architecture and Planning,Jalandhar','', 'other', '' , 'PJ13@sqrfactor.in', '2016-11-26', 'India','Punjab','Jalandhar','C101',1,'CT Institute of Architecture and Planning''s Official Account', '\\images\\colleges\\college-default.jpg');
Insert into user_details values (269,'Shaheed Bhagat Singh State Technical Campus,ferozepur','', 'other', '' , 'PJ14@sqrfactor.in', '2016-11-26', 'India','Punjab','ferozepur','C101',1,'Shaheed Bhagat Singh State Technical Campus''s Official Account', '\\images\\colleges\\college-default.jpg');
Insert into user_details values (270,'Malviya National Institute of Technology,jaipur','', 'other', '' , 'RJ01@sqrfactor.in', '2016-11-26', 'India','rajasthan','jaipur','C101',1,'Malviya National Institute of Technology''s Official Account', '\\images\\colleges\\college-default.jpg');
Insert into user_details values (271,'M.B.M. Engineering College ,Jodhpur','', 'other', '' , 'RJ02@sqrfactor.in', '2016-11-26', 'India','rajasthan','Jodhpur','C101',1,'M.B.M. Engineering College ''s Official Account', '\\images\\colleges\\college-default.jpg');
Insert into user_details values (272,'Aayojan School of Architecture,jaipur','', 'other', '' , 'RJ03@sqrfactor.in', '2016-11-26', 'India','rajasthan','jaipur','C101',1,'Aayojan School of Architecture''s Official Account', '\\images\\colleges\\college-default.jpg');
Insert into user_details values (273,'Jagannath University,jaipur','', 'other', '' , 'RJ04@sqrfactor.in', '2016-11-26', 'India','Rajasthan','jaipur','C101',1,'Jagannath University''s Official Account', '\\images\\colleges\\college-default.jpg');
Insert into user_details values (274,'Amity University Rajasthan,jaipur','', 'other', '' , 'RJ05@sqrfactor.in', '2016-11-26', 'India','Rajasthan','jaipur','C101',1,'Amity University Rajasthan''s Official Account', '\\images\\colleges\\college-default.jpg');
Insert into user_details values (275,'Buddha Institute of Architecture & Town Planning,udaipur','', 'other', '' , 'RJ06@sqrfactor.in', '2016-11-26', 'India','Rajasthan','udaipur','C101',1,'Buddha Institute of Architecture & Town Planning''s Official Account', '\\images\\colleges\\college-default.jpg');
Insert into user_details values (276,'NIMS School of Architecture & Planning,Jaipur','', 'other', '' , 'RJ07@sqrfactor.in', '2016-11-26', 'India','Rajasthan','Jaipur','C101',1,'NIMS School of Architecture & Planning''s Official Account', '\\images\\colleges\\college-default.jpg');
Insert into user_details values (277,'School of Architecture Apex Group of Institution
,Jaipur','', 'other', '' , 'RJ09@sqrfactor.in', '2016-11-26', 'India','Rajasthan','Jaipur','C101',1,'School of Architecture Apex Group of Institution
''s Official Account', '\\images\\colleges\\college-default.jpg');
Insert into user_details values (278,'St.Wilfreds Institute of Architecture,Ajmer','', 'other', '' , 'RJ10@sqrfactor.in', '2016-11-26', 'India','Rajasthan','Ajmer','C101',1,'St.Wilfreds Institute of Architecture''s Official Account', '\\images\\colleges\\college-default.jpg');
Insert into user_details values (279,'Manipal University, Jaipur,Jaipur','', 'other', '' , 'RJ12@sqrfactor.in', '2016-11-26', 'India','Rajasthan','Jaipur','C101',1,'Manipal University, Jaipur''s Official Account', '\\images\\colleges\\college-default.jpg');
Insert into user_details values (280,'Dr. K.N. Modi University,dist. Tonk','', 'other', '' , 'RJ13@sqrfactor.in', '2016-11-26', 'India','Rajasthan','dist. Tonk','C101',1,'Dr. K.N. Modi University''s Official Account', '\\images\\colleges\\college-default.jpg');
Insert into user_details values (281,'School of Planning & Architecture Poornima University,Jaipur','', 'other', '' , 'RJ14@sqrfactor.in', '2016-11-26', 'India','Rajasthan','Jaipur','C101',1,'School of Planning & Architecture Poornima University''s Official Account', '\\images\\colleges\\college-default.jpg');
Insert into user_details values (282,'Central University of Rajasthan,Ajmer','', 'other', '' , 'RJ16@sqrfactor.in', '2016-11-26', 'India','Rajasthan','Ajmer','C101',1,'Central University of Rajasthan''s Official Account', '\\images\\colleges\\college-default.jpg');
Insert into user_details values (283,'Mody University of Science and Technology,Sikar','', 'other', '' , 'RJ18@sqrfactor.in', '2016-11-26', 'India','Rajasthan','Sikar','C101',1,'Mody University of Science and Technology''s Official Account', '\\images\\colleges\\college-default.jpg');
Insert into user_details values (284,'School of Architecture & Planning Anna University,chennai','', 'other', '' , 'TN01@sqrfactor.in', '2016-11-26', 'India','Tamil Nadu','chennai','C101',1,'School of Architecture & Planning Anna University''s Official Account', '\\images\\colleges\\college-default.jpg');
Insert into user_details values (285,'National Institute of Technology,tiruchirappalli','', 'other', '' , 'TN02@sqrfactor.in', '2016-11-26', 'India','Tamil Nadu','tiruchirappalli','C101',1,'National Institute of Technology''s Official Account', '\\images\\colleges\\college-default.jpg');
Insert into user_details values (286,'Adhiyamaan College of Engineering Dr. MGR Nagar,hosur','', 'other', '' , 'TN03@sqrfactor.in', '2016-11-26', 'India','Tamil Nadu','hosur','C101',1,'Adhiyamaan College of Engineering Dr. MGR Nagar''s Official Account', '\\images\\colleges\\college-default.jpg');
Insert into user_details values (287,'School of Architecture & Interior Design SRM University,kancheepuram','', 'other', '' , 'TN05@sqrfactor.in', '2016-11-26', 'India','Tamil Nadu','kancheepuram','C101',1,'School of Architecture & Interior Design SRM University''s Official Account', '\\images\\colleges\\college-default.jpg');
Insert into user_details values (288,'School of Architecture Arulmigu Meenakshi Amman College of Engineering,thiruvanamalai','', 'other', '' , 'TN06@sqrfactor.in', '2016-11-26', 'India','Tamil Nadu','thiruvanamalai','C101',1,'School of Architecture Arulmigu Meenakshi Amman College of Engineering''s Official Account', '\\images\\colleges\\college-default.jpg');
Insert into user_details values (289,'School of Architecture Bharat University,chennai','', 'other', '' , 'TN07@sqrfactor.in', '2016-11-26', 'India','Tamil Nadu','chennai','C101',1,'School of Architecture Bharat University''s Official Account', '\\images\\colleges\\college-default.jpg');
Insert into user_details values (290,'Hindustan Institute of Technology and Science,chennai','', 'other', '' , 'TN08@sqrfactor.in', '2016-11-26', 'India','Tamil Nadu','chennai','C101',1,'Hindustan Institute of Technology and Science''s Official Account', '\\images\\colleges\\college-default.jpg');
Insert into user_details values (291,'Mohammed Sathak Engineering College,Ramanathapuram','', 'other', '' , 'TN09@sqrfactor.in', '2016-11-26', 'India','Tamil Nadu','Ramanathapuram','C101',1,'Mohammed Sathak Engineering College''s Official Account', '\\images\\colleges\\college-default.jpg');
Insert into user_details values (292,'Sathyabama University,chennai','', 'other', '' , 'TN10@sqrfactor.in', '2016-11-26', 'India','Tamil Nadu','chennai','C101',1,'Sathyabama University''s Official Account', '\\images\\colleges\\college-default.jpg');
Insert into user_details values (293,'Thiagarajar College of Engineering,madurai','', 'other', '' , 'TN11@sqrfactor.in', '2016-11-26', 'India','Tamil Nadu','madurai','C101',1,'Thiagarajar College of Engineering''s Official Account', '\\images\\colleges\\college-default.jpg');
Insert into user_details values (294,'Periyar Maniammai University,thanjavur','', 'other', '' , 'TN12@sqrfactor.in', '2016-11-26', 'India','Tamil Nadu','thanjavur','C101',1,'Periyar Maniammai University''s Official Account', '\\images\\colleges\\college-default.jpg');
Insert into user_details values (295,'MEASI Academy of Architecture Association Gardens,chennai','', 'other', '' , 'TN13@sqrfactor.in', '2016-11-26', 'India','Tamil Nadu','chennai','C101',1,'MEASI Academy of Architecture Association Gardens''s Official Account', '\\images\\colleges\\college-default.jpg');
Insert into user_details values (296,'Salem School of Architecture,Salem','', 'other', '' , 'TN14@sqrfactor.in', '2016-11-26', 'India','Tamil Nadu','Salem','C101',1,'Salem School of Architecture''s Official Account', '\\images\\colleges\\college-default.jpg');
Insert into user_details values (297,'Tamilnadu School of Architecture TCE Campus,coimbatore','', 'other', '' , 'TN15@sqrfactor.in', '2016-11-26', 'India','Tamil Nadu','coimbatore','C101',1,'Tamilnadu School of Architecture TCE Campus''s Official Account', '\\images\\colleges\\college-default.jpg');
Insert into user_details values (298,'McGans Ooty School of Architecture,the Nilgiris','', 'other', '' , 'TN16@sqrfactor.in', '2016-11-26', 'India','Tamil Nadu','the Nilgiris','C101',1,'McGans Ooty School of Architecture''s Official Account', '\\images\\colleges\\college-default.jpg');
Insert into user_details values (299,'Prahar School of Architecture,coimbatore','', 'other', '' , 'TN17@sqrfactor.in', '2016-11-26', 'India','Tamil Nadu','coimbatore','C101',1,'Prahar School of Architecture''s Official Account', '\\images\\colleges\\college-default.jpg');
Insert into user_details values (300,'Meenakshi College of Engineering,chennai','', 'other', '' , 'TN18@sqrfactor.in', '2016-11-26', 'India','Tamil Nadu','chennai','C101',1,'Meenakshi College of Engineering''s Official Account', '\\images\\colleges\\college-default.jpg');
Insert into user_details values (301,'Karpagam University,coimbatore','', 'other', '' , 'TN19@sqrfactor.in', '2016-11-26', 'India','Tamil Nadu','coimbatore','C101',1,'Karpagam University''s Official Account', '\\images\\colleges\\college-default.jpg');
Insert into user_details values (302,'R.V.S. School of Architecture,dindigul','', 'other', '' , 'TN20@sqrfactor.in', '2016-11-26', 'India','Tamil Nadu','dindigul','C101',1,'R.V.S. School of Architecture''s Official Account', '\\images\\colleges\\college-default.jpg');
Insert into user_details values (303,'R.V.S. School of Architecture
,coimbatore','', 'other', '' , 'TN21@sqrfactor.in', '2016-11-26', 'India','Tamil Nadu','coimbatore','C101',1,'R.V.S. School of Architecture
''s Official Account', '\\images\\colleges\\college-default.jpg');
Insert into user_details values (304,'EXCEL College of Architecture and Planning,namakkal district','', 'other', '' , 'TN22@sqrfactor.in', '2016-11-26', 'India','Tamil Nadu','namakkal district','C101',1,'EXCEL College of Architecture and Planning''s Official Account', '\\images\\colleges\\college-default.jpg');
Insert into user_details values (305,'Ranganathan Architecture College,coimbatore','', 'other', '' , 'TN23@sqrfactor.in', '2016-11-26', 'India','Tamil Nadu','coimbatore','C101',1,'Ranganathan Architecture College''s Official Account', '\\images\\colleges\\college-default.jpg');
Insert into user_details values (306,'Designed Environment Academy & Research Institute (DEAR Institute)
,tiruchirappalli','', 'other', '' , 'TN24@sqrfactor.in', '2016-11-26', 'India','Tamil Nadu','tiruchirappalli','C101',1,'Designed Environment Academy & Research Institute (DEAR Institute)
''s Official Account', '\\images\\colleges\\college-default.jpg');
Insert into user_details values (307,'SRM Ramapuram School of Architecture,chennai','', 'other', '' , 'TN26@sqrfactor.in', '2016-11-26', 'India','Tamil Nadu','chennai','C101',1,'SRM Ramapuram School of Architecture''s Official Account', '\\images\\colleges\\college-default.jpg');
Insert into user_details values (308,'SVS School of Architecture,coimbatore','', 'other', '' , 'TN27@sqrfactor.in', '2016-11-26', 'India','Tamil Nadu','coimbatore','C101',1,'SVS School of Architecture''s Official Account', '\\images\\colleges\\college-default.jpg');
Insert into user_details values (309,'Cresent School of Architecture B.S.Abdur Rahman University,chennai','', 'other', '' , 'TN28@sqrfactor.in', '2016-11-26', 'India','Tamil Nadu','chennai','C101',1,'Cresent School of Architecture B.S.Abdur Rahman University''s Official Account', '\\images\\colleges\\college-default.jpg');
Insert into user_details values (310,'Mohamed Sathak A.J. Academy of Architecture,Kanchipuram District','', 'other', '' , 'TN29@sqrfactor.in', '2016-11-26', 'India','Tamil Nadu','Kanchipuram District','C101',1,'Mohamed Sathak A.J. Academy of Architecture''s Official Account', '\\images\\colleges\\college-default.jpg');
Insert into user_details values (311,'J.K.K.Munirajah School of Architecture,Erode District','', 'other', '' , 'TN30@sqrfactor.in', '2016-11-26', 'India','Tamil Nadu','Erode District','C101',1,'J.K.K.Munirajah School of Architecture''s Official Account', '\\images\\colleges\\college-default.jpg');
Insert into user_details values (312,'M.A.M. School of Architecture,tiruchirappalli','', 'other', '' , 'TN31@sqrfactor.in', '2016-11-26', 'India','Tamil Nadu','tiruchirappalli','C101',1,'M.A.M. School of Architecture''s Official Account', '\\images\\colleges\\college-default.jpg');
Insert into user_details values (313,'C.A.R.E. School of Architecture
,Trichy','', 'other', '' , 'TN32@sqrfactor.in', '2016-11-26', 'India','Tamil Nadu','Trichy','C101',1,'C.A.R.E. School of Architecture
''s Official Account', '\\images\\colleges\\college-default.jpg');
Insert into user_details values (314,'Surya School of Architecture Surya Nagar,Villupuram Taluk','', 'other', '' , 'TN33@sqrfactor.in', '2016-11-26', 'India','Tamil Nadu','Villupuram Taluk','C101',1,'Surya School of Architecture Surya Nagar''s Official Account', '\\images\\colleges\\college-default.jpg');
Insert into user_details values (315,'MARG Institute of Design and Architecture Swarnabhoomi (MIDAS)
,Kanchipuram District','', 'other', '' , 'TN34@sqrfactor.in', '2016-11-26', 'India','Tamil Nadu','Kanchipuram District','C101',1,'MARG Institute of Design and Architecture Swarnabhoomi (MIDAS)
''s Official Account', '\\images\\colleges\\college-default.jpg');
Insert into user_details values (316,'Rajalakshmi School of Architecture Rajalakshmi Nagar,chennai','', 'other', '' , 'TN35@sqrfactor.in', '2016-11-26', 'India','Tamil Nadu','chennai','C101',1,'Rajalakshmi School of Architecture Rajalakshmi Nagar''s Official Account', '\\images\\colleges\\college-default.jpg');
Insert into user_details values (317,'RVS KVK School of Architecture,Trichy','', 'other', '' , 'TN36@sqrfactor.in', '2016-11-26', 'India','Tamil Nadu','Trichy','C101',1,'RVS KVK School of Architecture''s Official Account', '\\images\\colleges\\college-default.jpg');
Insert into user_details values (318,'Salegh Academy of Architecture,chennai','', 'other', '' , 'TN37@sqrfactor.in', '2016-11-26', 'India','Tamil Nadu','chennai','C101',1,'Salegh Academy of Architecture''s Official Account', '\\images\\colleges\\college-default.jpg');
Insert into user_details values (319,'RVS Padmavathy School of Architecture,Tiruvalluvar','', 'other', '' , 'TN39@sqrfactor.in', '2016-11-26', 'India','Tamil Nadu','Tiruvalluvar','C101',1,'RVS Padmavathy School of Architecture''s Official Account', '\\images\\colleges\\college-default.jpg');
Insert into user_details values (320,'Prime College of Architecture & Planning,nagapattinam','', 'other', '' , 'TN40@sqrfactor.in', '2016-11-26', 'India','Tamil Nadu','nagapattinam','C101',1,'Prime College of Architecture & Planning''s Official Account', '\\images\\colleges\\college-default.jpg');
Insert into user_details values (321,'Dr.M.G.R. Educational and Research Institute,chennai','', 'other', '' , 'TN41@sqrfactor.in', '2016-11-26', 'India','Tamil Nadu','chennai','C101',1,'Dr.M.G.R. Educational and Research Institute''s Official Account', '\\images\\colleges\\college-default.jpg');
Insert into user_details values (322,'Sri Renugambal College of Architecture,Tiruvannamalai District','', 'other', '' , 'TN42@sqrfactor.in', '2016-11-26', 'India','Tamil Nadu','Tiruvannamalai District','C101',1,'Sri Renugambal College of Architecture''s Official Account', '\\images\\colleges\\college-default.jpg');
Insert into user_details values (323,'N.R.School of Architecture,Coimbatore','', 'other', '' , 'TN43@sqrfactor.in', '2016-11-26', 'India','Tamil Nadu','Coimbatore','C101',1,'N.R.School of Architecture''s Official Account', '\\images\\colleges\\college-default.jpg');
Insert into user_details values (324,'Skandha School of Architecture,namakkal district','', 'other', '' , 'TN44@sqrfactor.in', '2016-11-26', 'India','Tamil Nadu','namakkal district','C101',1,'Skandha School of Architecture''s Official Account', '\\images\\colleges\\college-default.jpg');
Insert into user_details values (325,'DA Vinci of Design and Architecture,Chennai','', 'other', '' , 'TN45@sqrfactor.in', '2016-11-26', 'India','Tamil Nadu','Chennai','C101',1,'DA Vinci of Design and Architecture''s Official Account', '\\images\\colleges\\college-default.jpg');
Insert into user_details values (326,'Sasi Creative School of Architecture,Coimbatore','', 'other', '' , 'TN46@sqrfactor.in', '2016-11-26', 'India','Tamil Nadu','Coimbatore','C101',1,'Sasi Creative School of Architecture''s Official Account', '\\images\\colleges\\college-default.jpg');
Insert into user_details values (327,'St.Peters School of Architecture,Chennai','', 'other', '' , 'TN48@sqrfactor.in', '2016-11-26', 'India','Tamil Nadu','Chennai','C101',1,'St.Peters School of Architecture''s Official Account', '\\images\\colleges\\college-default.jpg');
Insert into user_details values (328,'St.Peters College of Engineering and Technology,Chennai','', 'other', '' , 'TN49@sqrfactor.in', '2016-11-26', 'India','Tamil Nadu','Chennai','C101',1,'St.Peters College of Engineering and Technology''s Official Account', '\\images\\colleges\\college-default.jpg');
Insert into user_details values (329,'Coimbatore Institute of Engineering and Technology,Coimbatore','', 'other', '' , 'TN50@sqrfactor.in', '2016-11-26', 'India','Tamil nadu','Coimbatore','C101',1,'Coimbatore Institute of Engineering and Technology''s Official Account', '\\images\\colleges\\college-default.jpg');
Insert into user_details values (330,'Sigma College of Architecture,Kanyakumari District','', 'other', '' , 'TN51@sqrfactor.in', '2016-11-26', 'India','Tamil nadu','Kanyakumari District','C101',1,'Sigma College of Architecture''s Official Account', '\\images\\colleges\\college-default.jpg');
Insert into user_details values (331,'Cheran School of Architecture,Karur','', 'other', '' , 'TN52@sqrfactor.in', '2016-11-26', 'India','Tamil nadu','Karur','C101',1,'Cheran School of Architecture''s Official Account', '\\images\\colleges\\college-default.jpg');
Insert into user_details values (332,'Kalasalingam School of Architecture
,Virudhunagar Distt.','', 'other', '' , 'TN53@sqrfactor.in', '2016-11-26', 'India','Tamil nadu','Virudhunagar Distt.','C101',1,'Kalasalingam School of Architecture
''s Official Account', '\\images\\colleges\\college-default.jpg');
Insert into user_details values (333,'Anand School of Architecture,Chennai','', 'other', '' , 'TN55@sqrfactor.in', '2016-11-26', 'India','Tamil nadu','Chennai','C101',1,'Anand School of Architecture''s Official Account', '\\images\\colleges\\college-default.jpg');
Insert into user_details values (334,'Misrimal Navajee Munoth Jain School of Architecture
,Chennai','', 'other', '' , 'TN56@sqrfactor.in', '2016-11-26', 'India','Tamil nadu','Chennai','C101',1,'Misrimal Navajee Munoth Jain School of Architecture
''s Official Account', '\\images\\colleges\\college-default.jpg');
Insert into user_details values (335,'Park Institute of Architecture, Coimbatore','', 'other', '' , 'TN58@sqrfactor.in', '2016-11-26', 'India','Tamil nadu',' Coimbatore','C101',1,'Park Institute of Architecture''s Official Account', '\\images\\colleges\\college-default.jpg');
Insert into user_details values (336,'Dhanalakshmi Srinivasan School of Architecture,Perambalu','', 'other', '' , 'TN59@sqrfactor.in', '2016-11-26', 'India','Tamil nadu','Perambalu','C101',1,'Dhanalakshmi Srinivasan School of Architecture''s Official Account', '\\images\\colleges\\college-default.jpg');
Insert into user_details values (337,'Dhanalakshmi Srinivasan School of Architecture,Trichy','', 'other', '' , 'TN60@sqrfactor.in', '2016-11-26', 'India','Tamil nadu','Trichy','C101',1,'Dhanalakshmi Srinivasan School of Architecture''s Official Account', '\\images\\colleges\\college-default.jpg');
Insert into user_details values (338,'JK College of Architecture,Dindigu','', 'other', '' , 'TN61@sqrfactor.in', '2016-11-26', 'India','Tamil nadu','Dindigu','C101',1,'JK College of Architecture''s Official Account', '\\images\\colleges\\college-default.jpg');
Insert into user_details values (339,'S.J.S. School of Architecture,chennai','', 'other', '' , 'TN62@sqrfactor.in', '2016-11-26', 'India','Tamil nadu','chennai','C101',1,'S.J.S. School of Architecture''s Official Account', '\\images\\colleges\\college-default.jpg');
Insert into user_details values (340,'Capital College of Architecture,coimbatore','', 'other', '' , 'TN64@sqrfactor.in', '2016-11-26', 'India','Tamil nadu','coimbatore','C101',1,'Capital College of Architecture''s Official Account', '\\images\\colleges\\college-default.jpg');
Insert into user_details values (341,'Chennai Academy of Architecture and Design,chennai','', 'other', '' , 'TN66@sqrfactor.in', '2016-11-26', 'India','Tamil nadu','chennai','C101',1,'Chennai Academy of Architecture and Design''s Official Account', '\\images\\colleges\\college-default.jpg');
Insert into user_details values (342,'Indira School of Architecture,TIRUVALLUR','', 'other', '' , 'TN68@sqrfactor.in', '2016-11-26', 'India','Tamil nadu','TIRUVALLUR','C101',1,'Indira School of Architecture''s Official Account', '\\images\\colleges\\college-default.jpg');
Insert into user_details values (343,'MMES Academy of Architecture,VELLORE','', 'other', '' , 'TN69@sqrfactor.in', '2016-11-26', 'India','Tamil nadu','VELLORE','C101',1,'MMES Academy of Architecture''s Official Account', '\\images\\colleges\\college-default.jpg');
Insert into user_details values (344,'Coimbatore Academy of Architecture,coimbatore','', 'other', '' , 'TN70@sqrfactor.in', '2016-11-26', 'India','Tamil nadu','coimbatore','C101',1,'Coimbatore Academy of Architecture''s Official Account', '\\images\\colleges\\college-default.jpg');
Insert into user_details values (345,'Kongu School of Architecture,Erode District','', 'other', '' , 'TN71@sqrfactor.in', '2016-11-26', 'India','Tamil nadu','Erode District','C101',1,'Kongu School of Architecture''s Official Account', '\\images\\colleges\\college-default.jpg');
Insert into user_details values (346,'School of Architecture and Planning, Aarupadai Veedu Institute of Technology,Chennai','', 'other', '' , 'TN72@sqrfactor.in', '2016-11-26', 'India','Tamil nadu','Chennai','C101',1,'School of Architecture and Planning, Aarupadai Veedu Institute of Technology''s Official Account', '\\images\\colleges\\college-default.jpg');
Insert into user_details values (347,'V.P.M.M.College of Architecture for Women,Virudhunagar','', 'other', '' , 'TN73@sqrfactor.in', '2016-11-26', 'India','Tamil nadu','Virudhunagar','C101',1,'V.P.M.M.College of Architecture for Women''s Official Account', '\\images\\colleges\\college-default.jpg');
Insert into user_details values (348,'VIT University,VELLORE','', 'other', '' , 'TN74@sqrfactor.in', '2016-11-26', 'India','Tamil nadu','VELLORE','C101',1,'VIT University''s Official Account', '\\images\\colleges\\college-default.jpg');
Insert into user_details values (349,'San Academy of Architecture,coimbatore','', 'other', '' , 'TN75@sqrfactor.in', '2016-11-26', 'India','Tamil nadu','coimbatore','C101',1,'San Academy of Architecture''s Official Account', '\\images\\colleges\\college-default.jpg');
Insert into user_details values (350,'Sri Venkateswara School of Architecture,Thiruvallur','', 'other', '' , 'TN76@sqrfactor.in', '2016-11-26', 'India','Tamil nadu','Thiruvallur','C101',1,'Sri Venkateswara School of Architecture''s Official Account', '\\images\\colleges\\college-default.jpg');
Insert into user_details values (351,'Prime Nest College of Architecture and Planning,Tiruchirappalli','', 'other', '' , 'TN77@sqrfactor.in', '2016-11-26', 'India','Tamil nadu','Tiruchirappalli','C101',1,'Prime Nest College of Architecture and Planning''s Official Account', '\\images\\colleges\\college-default.jpg');
Insert into user_details values (352,'Hindusthan School of Architecture,Coimbatore','', 'other', '' , 'TN78@sqrfactor.in', '2016-11-26', 'India','Tamil nadu','Coimbatore','C101',1,'Hindusthan School of Architecture''s Official Account', '\\images\\colleges\\college-default.jpg');
Insert into user_details values (353,'Jaya School of Architecture,Chennai','', 'other', '' , 'TN79@sqrfactor.in', '2016-11-26', 'India','Tamil nadu','Chennai','C101',1,'Jaya School of Architecture''s Official Account', '\\images\\colleges\\college-default.jpg');
Insert into user_details values (354,'Agni School of Architecture and Design Excellence,Dindigu','', 'other', '' , 'TN80@sqrfactor.in', '2016-11-26', 'India','Tamil nadu','Dindigu','C101',1,'Agni School of Architecture and Design Excellence''s Official Account', '\\images\\colleges\\college-default.jpg');
Insert into user_details values (355,'Jawahar School of Architecture, Planning and Design,chennai','', 'other', '' , 'TN81@sqrfactor.in', '2016-11-26', 'India','Tamil nadu','chennai','C101',1,'Jawahar School of Architecture, Planning and Design''s Official Account', '\\images\\colleges\\college-default.jpg');
Insert into user_details values (356,'Nehru School of Architecture,Coimbatore','', 'other', '' , 'TN82@sqrfactor.in', '2016-11-26', 'India','Tamil nadu','Coimbatore','C101',1,'Nehru School of Architecture''s Official Account', '\\images\\colleges\\college-default.jpg');
Insert into user_details values (357,'SVS International College of Architecture,Pudukkottai','', 'other', '' , 'TN83@sqrfactor.in', '2016-11-26', 'India','Tamil nadu','Pudukkottai','C101',1,'SVS International College of Architecture''s Official Account', '\\images\\colleges\\college-default.jpg');
Insert into user_details values (358,'Al-Amir College of Architecture,Sivagangai','', 'other', '' , 'TN84@sqrfactor.in', '2016-11-26', 'India','Tamil nadu','Sivagangai','C101',1,'Al-Amir College of Architecture''s Official Account', '\\images\\colleges\\college-default.jpg');
Insert into user_details values (359,'School of Architecture,,Tiruchirappalli','', 'other', '' , 'TN85@sqrfactor.in', '2016-11-26', 'India','Tamil nadu','Tiruchirappalli','C101',1,'School of Architecture,''s Official Account', '\\images\\colleges\\college-default.jpg');
Insert into user_details values (360,'Shakthi School of Architecture,Dharapuram','', 'other', '' , 'TN86@sqrfactor.in', '2016-11-26', 'India','Tamil nadu','Dharapuram','C101',1,'Shakthi School of Architecture''s Official Account', '\\images\\colleges\\college-default.jpg');
Insert into user_details values (361,'Jawaharlal Nehru Architecture and Fine Arts University (JNA&FAU),HYDERABAD','', 'other', '' , 'TS01@sqrfactor.in', '2016-11-26', 'India','Telangana','HYDERABAD','C101',1,'Jawaharlal Nehru Architecture and Fine Arts University (JNA&FAU)''s Official Account', '\\images\\colleges\\college-default.jpg');
Insert into user_details values (362,'CSI Institute of Technology,SECUNDERABAD','', 'other', '' , 'TS02@sqrfactor.in', '2016-11-26', 'India','Telangana','SECUNDERABAD','C101',1,'CSI Institute of Technology''s Official Account', '\\images\\colleges\\college-default.jpg');
Insert into user_details values (363,'Sri Venkateswara College of Architecture,HYDERABAD','', 'other', '' , 'TS03@sqrfactor.in', '2016-11-26', 'India','Telangana','HYDERABAD','C101',1,'Sri Venkateswara College of Architecture''s Official Account', '\\images\\colleges\\college-default.jpg');
Insert into user_details values (364,'Vaishnavi School of Architecture & Planning,Hyderabad','', 'other', '' , 'TS04@sqrfactor.in', '2016-11-26', 'India','Telangana','Hyderabad','C101',1,'Vaishnavi School of Architecture & Planning''s Official Account', '\\images\\colleges\\college-default.jpg');
Insert into user_details values (365,'Maestro School of Planning and Architecture,Hyderabad','', 'other', '' , 'TS05@sqrfactor.in', '2016-11-26', 'India','Telangana','Hyderabad','C101',1,'Maestro School of Planning and Architecture''s Official Account', '\\images\\colleges\\college-default.jpg');
Insert into user_details values (366,'Deccan School of Planning & Architecture,Hyderabad','', 'other', '' , 'TS06@sqrfactor.in', '2016-11-26', 'India','Telangana','Hyderabad','C101',1,'Deccan School of Planning & Architecture''s Official Account', '\\images\\colleges\\college-default.jpg');
Insert into user_details values (367,'Jawaharlal Nehru Institute of Advanced Studies,SECUNDERABAD','', 'other', '' , 'TS07@sqrfactor.in', '2016-11-26', 'India','Telangana','SECUNDERABAD','C101',1,'Jawaharlal Nehru Institute of Advanced Studies''s Official Account', '\\images\\colleges\\college-default.jpg');
Insert into user_details values (368,'J.B.R. Architecture College,Hyderabad','', 'other', '' , 'TS08@sqrfactor.in', '2016-11-26', 'India','Telangana','Hyderabad','C101',1,'J.B.R. Architecture College''s Official Account', '\\images\\colleges\\college-default.jpg');
Insert into user_details values (369,'Auroras Design Academy, bandlaguda,Hyderabad','', 'other', '' , 'TS09@sqrfactor.in', '2016-11-26', 'India','Telangana','Hyderabad','C101',1,'Auroras Design Academy, bandlaguda''s Official Account', '\\images\\colleges\\college-default.jpg');
Insert into user_details values (370,'Auroras Design Institute, uppal,Hyderabad','', 'other', '' , 'TS10@sqrfactor.in', '2016-11-26', 'India','Telangana','Hyderabad','C101',1,'Auroras Design Institute, uppal''s Official Account', '\\images\\colleges\\college-default.jpg');
Insert into user_details values (371,'Ashoka School of Planning and Architecture,Malkapur Village','', 'other', '' , 'TS11@sqrfactor.in', '2016-11-26', 'India','Telangana','Malkapur Village','C101',1,'Ashoka School of Planning and Architecture''s Official Account', '\\images\\colleges\\college-default.jpg');
Insert into user_details values (372,'Kasturba Gandhi College of Architecture,Secunderabad','', 'other', '' , 'TS12@sqrfactor.in', '2016-11-26', 'India','Telangana','Secunderabad','C101',1,'Kasturba Gandhi College of Architecture''s Official Account', '\\images\\colleges\\college-default.jpg');
Insert into user_details values (373,'Department of Architecture & Planning, Indian Institute of Technology,ROORKEE','', 'other', '' , 'UA01@sqrfactor.in', '2016-11-26', 'India','Uttarakhand','ROORKEE','C101',1,'Department of Architecture & Planning, Indian Institute of Technology''s Official Account', '\\images\\colleges\\college-default.jpg');
Insert into user_details values (374,'Dehradun Institute of Technology,DEHRADUN','', 'other', '' , 'UA02@sqrfactor.in', '2016-11-26', 'India','Uttarakhand','DEHRADUN','C101',1,'Dehradun Institute of Technology''s Official Account', '\\images\\colleges\\college-default.jpg');
Insert into user_details values (375,'Himgiri Zee University,Dehradun','', 'other', '' , 'UA03@sqrfactor.in', '2016-11-26', 'India','Uttarakhand','Dehradun','C101',1,'Himgiri Zee University''s Official Account', '\\images\\colleges\\college-default.jpg');
Insert into user_details values (376,'Graphic Era Hill University,Dehradun','', 'other', '' , 'UA04@sqrfactor.in', '2016-11-26', 'India','Uttarakhand','Dehradun','C101',1,'Graphic Era Hill University''s Official Account', '\\images\\colleges\\college-default.jpg');
Insert into user_details values (377,'Droan College of Architecture,,Rudrapur','', 'other', '' , 'UA05@sqrfactor.in', '2016-11-26', 'India','Uttarakhand','Rudrapur','C101',1,'Droan College of Architecture,''s Official Account', '\\images\\colleges\\college-default.jpg');
Insert into user_details values (378,'Uttar Pradesh Technical University,LUCKNOW','', 'other', '' , 'UP01@sqrfactor.in', '2016-11-26', 'India','Uttar Pradesh','LUCKNOW','C101',1,'Uttar Pradesh Technical University''s Official Account', '\\images\\colleges\\college-default.jpg');
Insert into user_details values (379,'Zakir Hussain College of Engineering & Technology,ALIGARH','', 'other', '' , 'UP02@sqrfactor.in', '2016-11-26', 'India','Uttar Pradesh','ALIGARH','C101',1,'Zakir Hussain College of Engineering & Technology''s Official Account', '\\images\\colleges\\college-default.jpg');
Insert into user_details values (380,'Apeejay Institute of Technology's,GREATER NOIDA','', 'other', '' , 'UP03@sqrfactor.in', '2016-11-26', 'India','Uttar Pradesh','GREATER NOIDA','C101',1,'Apeejay Institute of Technology's''s Official Account', '\\images\\colleges\\college-default.jpg');
Insert into user_details values (381,'Babu Banarasi Das University,LUCKNOW','', 'other', '' , 'UP04@sqrfactor.in', '2016-11-26', 'India','Uttar Pradesh','LUCKNOW','C101',1,'Babu Banarasi Das University''s Official Account', '\\images\\colleges\\college-default.jpg');
Insert into user_details values (382,'Integral University, Dasauli,LUCKNOW','', 'other', '' , 'UP05@sqrfactor.in', '2016-11-26', 'India','Uttar Pradesh','LUCKNOW','C101',1,'Integral University, Dasauli''s Official Account', '\\images\\colleges\\college-default.jpg');
Insert into user_details values (383,'Amity School of Architecture & Plannin,NOIDA','', 'other', '' , 'UP06@sqrfactor.in', '2016-11-26', 'India','Uttar Pradesh','NOIDA','C101',1,'Amity School of Architecture & Plannin''s Official Account', '\\images\\colleges\\college-default.jpg');
Insert into user_details values (384,'Amity School of Architecture and Planning,Lucknow','', 'other', '' , 'UP07@sqrfactor.in', '2016-11-26', 'India','Uttar Pradesh','Lucknow','C101',1,'Amity School of Architecture and Planning''s Official Account', '\\images\\colleges\\college-default.jpg');
Insert into user_details values (385,'Sunder Deep College of Architecture,Ghaziabad','', 'other', '' , 'UP08@sqrfactor.in', '2016-11-26', 'India','Uttar Pradesh','Ghaziabad','C101',1,'Sunder Deep College of Architecture''s Official Account', '\\images\\colleges\\college-default.jpg');
Insert into user_details values (386,'Institute of Architecture and Town Planning,Jhansi','', 'other', '' , 'UP09@sqrfactor.in', '2016-11-26', 'India','Uttar Pradesh','Jhansi','C101',1,'Institute of Architecture and Town Planning''s Official Account', '\\images\\colleges\\college-default.jpg');
Insert into user_details values (387,'Moradabad Educational Trust,Moradabad','', 'other', '' , 'UP10@sqrfactor.in', '2016-11-26', 'India','Uttar Pradesh','Moradabad','C101',1,'Moradabad Educational Trust''s Official Account', '\\images\\colleges\\college-default.jpg');
Insert into user_details values (388,'Khandelwal College of Architecture and Design,Bareilly','', 'other', '' , 'UP11@sqrfactor.in', '2016-11-26', 'India','Uttar Pradesh','Bareilly','C101',1,'Khandelwal College of Architecture and Design''s Official Account', '\\images\\colleges\\college-default.jpg');
Insert into user_details values (389,'Teerthanker Mahaveer College of Architecture,Moradabad','', 'other', '' , 'UP12@sqrfactor.in', '2016-11-26', 'India','Uttar Pradesh','Moradabad','C101',1,'Teerthanker Mahaveer College of Architecture''s Official Account', '\\images\\colleges\\college-default.jpg');
Insert into user_details values (390,'Institute of Architecture & Town Planning,Sitapur','', 'other', '' , 'UP13@sqrfactor.in', '2016-11-26', 'India','Uttar Pradesh','Sitapur','C101',1,'Institute of Architecture & Town Planning''s Official Account', '\\images\\colleges\\college-default.jpg');
Insert into user_details values (391,'Shree Bankey Bihari Institute of Architecture,Meerut','', 'other', '' , 'UP14@sqrfactor.in', '2016-11-26', 'India','Uttar Pradesh','Meerut','C101',1,'Shree Bankey Bihari Institute of Architecture''s Official Account', '\\images\\colleges\\college-default.jpg');
Insert into user_details values (392,'ITM School of Architecture & Town Planning,Lucknow','', 'other', '' , 'UP15@sqrfactor.in', '2016-11-26', 'India','Uttar Pradesh','Lucknow','C101',1,'ITM School of Architecture & Town Planning''s Official Account', '\\images\\colleges\\college-default.jpg');
Insert into user_details values (393,'JMS School of Architecture,Hapur','', 'other', '' , 'UP16@sqrfactor.in', '2016-11-26', 'India','Uttar Pradesh','Hapur','C101',1,'JMS School of Architecture''s Official Account', '\\images\\colleges\\college-default.jpg');
Insert into user_details values (394,'G.L.Bajaj Group of Institutions,Mathura','', 'other', '' , 'UP17@sqrfactor.in', '2016-11-26', 'India','Uttar Pradesh','Mathura','C101',1,'G.L.Bajaj Group of Institutions''s Official Account', '\\images\\colleges\\college-default.jpg');
Insert into user_details values (395,'Sharda University,Greater Noida','', 'other', '' , 'UP18@sqrfactor.in', '2016-11-26', 'India','Uttar Pradesh','Greater Noida','C101',1,'Sharda University''s Official Account', '\\images\\colleges\\college-default.jpg');
Insert into user_details values (396,'Invertis University,Bareilly','', 'other', '' , 'UP20@sqrfactor.in', '2016-11-26', 'India','Uttar Pradesh','Bareilly','C101',1,'Invertis University''s Official Account', '\\images\\colleges\\college-default.jpg');
Insert into user_details values (397,'Delhi Technical Campus,Greater Noida','', 'other', '' , 'UP21@sqrfactor.in', '2016-11-26', 'India','Uttar Pradesh','Greater Noida','C101',1,'Delhi Technical Campus''s Official Account', '\\images\\colleges\\college-default.jpg');
Insert into user_details values (398,'Shri Ram School of Architecture,Muzaffarnagar','', 'other', '' , 'UP22@sqrfactor.in', '2016-11-26', 'India','Uttar Pradesh','Muzaffarnagar','C101',1,'Shri Ram School of Architecture''s Official Account', '\\images\\colleges\\college-default.jpg');
Insert into user_details values (399,'R.R.Institute of Modern Technology,Lucknow','', 'other', '' , 'UP23@sqrfactor.in', '2016-11-26', 'India','Uttar Pradesh','Lucknow','C101',1,'R.R.Institute of Modern Technology''s Official Account', '\\images\\colleges\\college-default.jpg');
Insert into user_details values (400,'Anand College of Architecture,Agra','', 'other', '' , 'UP24@sqrfactor.in', '2016-11-26', 'India','Uttar Pradesh','Agra','C101',1,'Anand College of Architecture''s Official Account', '\\images\\colleges\\college-default.jpg');
Insert into user_details values (401,'Brahmanand Group of Institutions,Bulandshahr','', 'other', '' , 'UP25@sqrfactor.in', '2016-11-26', 'India','Uttar Pradesh','Bulandshahr','C101',1,'Brahmanand Group of Institutions''s Official Account', '\\images\\colleges\\college-default.jpg');
Insert into user_details values (402,'Hardayal School of Architecture,Mathura','', 'other', '' , 'UP26@sqrfactor.in', '2016-11-26', 'India','Uttar Pradesh','Mathura','C101',1,'Hardayal School of Architecture''s Official Account', '\\images\\colleges\\college-default.jpg');
Insert into user_details values (403,'Accurate Institute of Architecture & Planning,Greater Noida','', 'other', '' , 'UP27@sqrfactor.in', '2016-11-26', 'India','Uttar Pradesh','Greater Noida','C101',1,'Accurate Institute of Architecture & Planning''s Official Account', '\\images\\colleges\\college-default.jpg');
Insert into user_details values (404,'Ideal School of Architecture (ISA),Ghaziabad','', 'other', '' , 'UP29@sqrfactor.in', '2016-11-26', 'India','Uttar Pradesh','Ghaziabad','C101',1,'Ideal School of Architecture (ISA)''s Official Account', '\\images\\colleges\\college-default.jpg');
Insert into user_details values (405,'Ansal School of Architecture,Lucknow','', 'other', '' , 'UP30@sqrfactor.in', '2016-11-26', 'India','Uttar Pradesh','Lucknow','C101',1,'Ansal School of Architecture''s Official Account', '\\images\\colleges\\college-default.jpg');
Insert into user_details values (406,'Purvanchal Institute of Architecture & Design,Gorakhpur','', 'other', '' , 'UP31@sqrfactor.in', '2016-11-26', 'India','Uttar Pradesh','Gorakhpur','C101',1,'Purvanchal Institute of Architecture & Design''s Official Account', '\\images\\colleges\\college-default.jpg');
Insert into user_details values (407,'Forth Dimension College of Architecture,Saharanpur','', 'other', '' , 'UP32@sqrfactor.in', '2016-11-26', 'India','Uttar Pradesh','Saharanpur','C101',1,'Forth Dimension College of Architecture''s Official Account', '\\images\\colleges\\college-default.jpg');
Insert into user_details values (408,'Raja Balwant Singh Engineering Technical Campus,Agra','', 'other', '' , 'UP33@sqrfactor.in', '2016-11-26', 'India','Uttar Pradesh','Agra','C101',1,'Raja Balwant Singh Engineering Technical Campus''s Official Account', '\\images\\colleges\\college-default.jpg');
Insert into user_details values (409,'SGIT IMT College of Architecture,Ghaziabad','', 'other', '' , 'UP34@sqrfactor.in', '2016-11-26', 'India','Uttar Pradesh','Ghaziabad','C101',1,'SGIT IMT College of Architecture''s Official Account', '\\images\\colleges\\college-default.jpg');
Insert into user_details values (410,'School of Architecture and Regional Planning Gautam Buddha University,Greater Noida','', 'other', '' , 'UP35@sqrfactor.in', '2016-11-26', 'India','Uttar Pradesh','Greater Noida','C101',1,'School of Architecture and Regional Planning Gautam Buddha University''s Official Account', '\\images\\colleges\\college-default.jpg');
Insert into user_details values (411,'Axis Institute of Architecture (AIA),Kanpur','', 'other', '' , 'UP36@sqrfactor.in', '2016-11-26', 'India','Uttar Pradesh','Kanpur','C101',1,'Axis Institute of Architecture (AIA)''s Official Account', '\\images\\colleges\\college-default.jpg');
Insert into user_details values (412,'Ishan Institute of Architecture & Planning,Greater Noida','', 'other', '' , 'UP37@sqrfactor.in', '2016-11-26', 'India','Uttar Pradesh','Greater Noida','C101',1,'Ishan Institute of Architecture & Planning''s Official Account', '\\images\\colleges\\college-default.jpg');
Insert into user_details values (413,'Monad School of Architecture & Planning,Hapur','', 'other', '' , 'UP38@sqrfactor.in', '2016-11-26', 'India','Uttar Pradesh','Hapur','C101',1,'Monad School of Architecture & Planning''s Official Account', '\\images\\colleges\\college-default.jpg');
Insert into user_details values (414,'Vivekanand College of Architecture,Ghaziabad','', 'other', '' , 'UP41@sqrfactor.in', '2016-11-26', 'India','Uttar Pradesh','Ghaziabad','C101',1,'Vivekanand College of Architecture''s Official Account', '\\images\\colleges\\college-default.jpg');
Insert into user_details values (415,'School of Architecture, Galgotias University,Greater Noida','', 'other', '' , 'UP42@sqrfactor.in', '2016-11-26', 'India','Uttar Pradesh','Greater Noida','C101',1,'School of Architecture, Galgotias University''s Official Account', '\\images\\colleges\\college-default.jpg');
Insert into user_details values (416,'Noida International University,Greater Noida','', 'other', '' , 'UP43@sqrfactor.in', '2016-11-26', 'India','Uttar Pradesh','Greater Noida','C101',1,'Noida International University''s Official Account', '\\images\\colleges\\college-default.jpg');
Insert into user_details values (417,'Institute of Engineering & Technology,Aligarh','', 'other', '' , 'UP44@sqrfactor.in', '2016-11-26', 'India','Uttar Pradesh','Aligarh','C101',1,'Institute of Engineering & Technology''s Official Account', '\\images\\colleges\\college-default.jpg');
Insert into user_details values (418,'Indian Institute of Engineering Science and Tecnology,HOWRAH','', 'other', '' , 'WB01@sqrfactor.in', '2016-11-26', 'India','West Bengal','HOWRAH','C101',1,'Indian Institute of Engineering Science and Tecnology''s Official Account', '\\images\\colleges\\college-default.jpg');
Insert into user_details values (419,'Indian Institute of Technology,KHARAGPUR','', 'other', '' , 'WB02@sqrfactor.in', '2016-11-26', 'India','West Bengal','KHARAGPUR','C101',1,'Indian Institute of Technology''s Official Account', '\\images\\colleges\\college-default.jpg');
Insert into user_details values (420,'Jadavpur University,KOLKATA','', 'other', '' , 'WB03@sqrfactor.in', '2016-11-26', 'India','West Bengal','KOLKATA','C101',1,'Jadavpur University''s Official Account', '\\images\\colleges\\college-default.jpg');
Insert into user_details values (421,'Rani Rashmoni School of Architecture,Durgapur','', 'other', '' , 'WB04@sqrfactor.in', '2016-11-26', 'India','West Bengal','Durgapur','C101',1,'Rani Rashmoni School of Architecture''s Official Account', '\\images\\colleges\\college-default.jpg');
Insert into user_details values (422,'Om Dayal School of Architecture,Howrah','', 'other', '' , 'WB05@sqrfactor.in', '2016-11-26', 'India','West Bengal','Howrah','C101',1,'Om Dayal School of Architecture''s Official Account', '\\images\\colleges\\college-default.jpg');
Insert into user_details values (423,'Techno India University School of Architecture,Kolkata','', 'other', '' , 'WB06@sqrfactor.in', '2016-11-26', 'India','West Bengal','Kolkata','C101',1,'Techno India University School of Architecture''s Official Account', '\\images\\colleges\\college-default.jpg');
Insert into user_details values (424,'Amity School of Architecture and Planning,Kolkata','', 'other', '' , 'WB07@sqrfactor.in', '2016-11-26', 'India','West Bengal','Kolkata','C101',1,'Amity School of Architecture and Planning''s Official Account', '\\images\\colleges\\college-default.jpg');



Insert into user_login values (2,'AP02@sqrfactor.in', '1234');
Insert into user_login values (3,'AP05@sqrfactor.in', '1234');
Insert into user_login values (4,'AP08@sqrfactor.in', '1234');
Insert into user_login values (5,'AP11@sqrfactor.in', '1234');
Insert into user_login values (6,'AP14@sqrfactor.in', '1234');
Insert into user_login values (7,'AP18@sqrfactor.in', '1234');
Insert into user_login values (8,'AP19@sqrfactor.in', '1234');
Insert into user_login values (9,'AP20@sqrfactor.in', '1234');
Insert into user_login values (10,'AP21@sqrfactor.in', '1234');
Insert into user_login values (11,'AP22@sqrfactor.in', '1234');
Insert into user_login values (12,'AR01@sqrfactor.in', '1234');
Insert into user_login values (13,'AR02@sqrfactor.in', '1234');
Insert into user_login values (14,'AS01@sqrfactor.in', '1234');
Insert into user_login values (15,'AS02@sqrfactor.in', '1234');
Insert into user_login values (16,'BR01@sqrfactor.in', '1234');
Insert into user_login values (17,'BR03@sqrfactor.in', '1234');
Insert into user_login values (18,'CG01@sqrfactor.in', '1234');
Insert into user_login values (19,'CG03@sqrfactor.in', '1234');
Insert into user_login values (20,'CG08@sqrfactor.in', '1234');
Insert into user_login values (21,'CH01@sqrfactor.in', '1234');
Insert into user_login values (22,'DL01@sqrfactor.in', '1234');
Insert into user_login values (23,'DL03@sqrfactor.in', '1234');
Insert into user_login values (24,'DL04@sqrfactor.in', '1234');
Insert into user_login values (25,'DL06@sqrfactor.in', '1234');
Insert into user_login values (26,'DL07@sqrfactor.in', '1234');
Insert into user_login values (27,'DL08@sqrfactor.in', '1234');
Insert into user_login values (28,'DL09@sqrfactor.in', '1234');
Insert into user_login values (29,'GA01@sqrfactor.in', '1234');
Insert into user_login values (30,'GJ01@sqrfactor.in', '1234');
Insert into user_login values (31,'GJ02@sqrfactor.in', '1234');
Insert into user_login values (32,'GJ03@sqrfactor.in', '1234');
Insert into user_login values (33,'GJ04@sqrfactor.in', '1234');
Insert into user_login values (34,'GJ05@sqrfactor.in', '1234');
Insert into user_login values (35,'GJ06@sqrfactor.in', '1234');
Insert into user_login values (36,'GJ07@sqrfactor.in', '1234');
Insert into user_login values (37,'GJ08@sqrfactor.in', '1234');
Insert into user_login values (38,'GJ09@sqrfactor.in', '1234');
Insert into user_login values (39,'GJ10@sqrfactor.in', '1234');
Insert into user_login values (40,'GJ11@sqrfactor.in', '1234');
Insert into user_login values (41,'GJ12@sqrfactor.in', '1234');
Insert into user_login values (42,'GJ13@sqrfactor.in', '1234');
Insert into user_login values (43,'GJ14@sqrfactor.in', '1234');
Insert into user_login values (44,'GJ15@sqrfactor.in', '1234');
Insert into user_login values (45,'GJ16@sqrfactor.in', '1234');
Insert into user_login values (46,'GJ17@sqrfactor.in', '1234');
Insert into user_login values (47,'GJ18@sqrfactor.in', '1234');
Insert into user_login values (48,'GJ19@sqrfactor.in', '1234');
Insert into user_login values (49,'GJ20@sqrfactor.in', '1234');
Insert into user_login values (50,'GJ21@sqrfactor.in', '1234');
Insert into user_login values (51,'GJ22@sqrfactor.in', '1234');
Insert into user_login values (52,'GJ23@sqrfactor.in', '1234');
Insert into user_login values (53,'GJ24@sqrfactor.in', '1234');
Insert into user_login values (54,'GJ25@sqrfactor.in', '1234');
Insert into user_login values (55,'GJ26@sqrfactor.in', '1234');
Insert into user_login values (56,'GJ27@sqrfactor.in', '1234');
Insert into user_login values (57,'GJ28@sqrfactor.in', '1234');
Insert into user_login values (58,'HP01@sqrfactor.in', '1234');
Insert into user_login values (59,'HP03@sqrfactor.in', '1234');
Insert into user_login values (60,'HP04@sqrfactor.in', '1234');
Insert into user_login values (61,'HP05@sqrfactor.in', '1234');
Insert into user_login values (62,'HR01@sqrfactor.in', '1234');
Insert into user_login values (63,'HR02@sqrfactor.in', '1234');
Insert into user_login values (64,'HR03@sqrfactor.in', '1234');
Insert into user_login values (65,'HR04@sqrfactor.in', '1234');
Insert into user_login values (66,'HR05@sqrfactor.in', '1234');
Insert into user_login values (67,'HR06@sqrfactor.in', '1234');
Insert into user_login values (68,'HR07@sqrfactor.in', '1234');
Insert into user_login values (69,'HR08@sqrfactor.in', '1234');
Insert into user_login values (70,'HR09@sqrfactor.in', '1234');
Insert into user_login values (71,'HR10@sqrfactor.in', '1234');
Insert into user_login values (72,'HR11@sqrfactor.in', '1234');
Insert into user_login values (73,'HR12@sqrfactor.in', '1234');
Insert into user_login values (74,'HR13@sqrfactor.in', '1234');
Insert into user_login values (75,'HR14@sqrfactor.in', '1234');
Insert into user_login values (76,'HR15@sqrfactor.in', '1234');
Insert into user_login values (77,'HR16@sqrfactor.in', '1234');
Insert into user_login values (78,'HR17@sqrfactor.in', '1234');
Insert into user_login values (79,'HR18@sqrfactor.in', '1234');
Insert into user_login values (80,'HR19@sqrfactor.in', '1234');
Insert into user_login values (81,'HR20@sqrfactor.in', '1234');
Insert into user_login values (82,'HR21@sqrfactor.in', '1234');
Insert into user_login values (83,'HR22@sqrfactor.in', '1234');
Insert into user_login values (84,'HR23@sqrfactor.in', '1234');
Insert into user_login values (85,'HR24@sqrfactor.in', '1234');
Insert into user_login values (86,'HR25@sqrfactor.in', '1234');
Insert into user_login values (87,'HR26@sqrfactor.in', '1234');
Insert into user_login values (88,'HR27@sqrfactor.in', '1234');
Insert into user_login values (89,'HR28@sqrfactor.in', '1234');
Insert into user_login values (90,'HR29@sqrfactor.in', '1234');
Insert into user_login values (91,'JH01@sqrfactor.in', '1234');
Insert into user_login values (92,'JH02@sqrfactor.in', '1234');
Insert into user_login values (93,'JK01@sqrfactor.in', '1234');
Insert into user_login values (94,'KA01@sqrfactor.in', '1234');
Insert into user_login values (95,'KA02@sqrfactor.in', '1234');
Insert into user_login values (96,'KA03@sqrfactor.in', '1234');
Insert into user_login values (97,'KA05@sqrfactor.in', '1234');
Insert into user_login values (98,'KA06@sqrfactor.in', '1234');
Insert into user_login values (99,'KA07@sqrfactor.in', '1234');
Insert into user_login values (100,'KA08@sqrfactor.in', '1234');
Insert into user_login values (101,'KA09@sqrfactor.in', '1234');
Insert into user_login values (102,'KA11@sqrfactor.in', '1234');
Insert into user_login values (103,'KA12@sqrfactor.in', '1234');
Insert into user_login values (104,'KA13@sqrfactor.in', '1234');
Insert into user_login values (105,'KA14@sqrfactor.in', '1234');
Insert into user_login values (106,'KA15@sqrfactor.in', '1234');
Insert into user_login values (107,'KA16@sqrfactor.in', '1234');
Insert into user_login values (108,'KA17@sqrfactor.in', '1234');
Insert into user_login values (109,'KA18@sqrfactor.in', '1234');
Insert into user_login values (110,'KA19@sqrfactor.in', '1234');
Insert into user_login values (111,'KA21@sqrfactor.in', '1234');
Insert into user_login values (112,'KA22@sqrfactor.in', '1234');
Insert into user_login values (113,'KA24@sqrfactor.in', '1234');
Insert into user_login values (114,'KA25@sqrfactor.in', '1234');
Insert into user_login values (115,'KA26@sqrfactor.in', '1234');
Insert into user_login values (116,'KA27@sqrfactor.in', '1234');
Insert into user_login values (117,'KA28@sqrfactor.in', '1234');
Insert into user_login values (118,'KA29@sqrfactor.in', '1234');
Insert into user_login values (119,'KA30@sqrfactor.in', '1234');
Insert into user_login values (120,'KA31@sqrfactor.in', '1234');
Insert into user_login values (121,'KA32@sqrfactor.in', '1234');
Insert into user_login values (122,'KA33@sqrfactor.in', '1234');
Insert into user_login values (123,'KA34@sqrfactor.in', '1234');
Insert into user_login values (124,'KA35@sqrfactor.in', '1234');
Insert into user_login values (125,'KA36@sqrfactor.in', '1234');
Insert into user_login values (126,'KA37@sqrfactor.in', '1234');
Insert into user_login values (127,'KA38@sqrfactor.in', '1234');
Insert into user_login values (128,'KL01@sqrfactor.in', '1234');
Insert into user_login values (129,'KL02@sqrfactor.in', '1234');
Insert into user_login values (130,'KL03@sqrfactor.in', '1234');
Insert into user_login values (131,'KL04@sqrfactor.in', '1234');
Insert into user_login values (132,'KL05@sqrfactor.in', '1234');
Insert into user_login values (133,'KL07@sqrfactor.in', '1234');
Insert into user_login values (134,'KL08@sqrfactor.in', '1234');
Insert into user_login values (135,'KL09@sqrfactor.in', '1234');
Insert into user_login values (136,'KL10@sqrfactor.in', '1234');
Insert into user_login values (137,'KL11@sqrfactor.in', '1234');
Insert into user_login values (138,'KL12@sqrfactor.in', '1234');
Insert into user_login values (139,'KL14@sqrfactor.in', '1234');
Insert into user_login values (140,'KL15@sqrfactor.in', '1234');
Insert into user_login values (141,'KL16@sqrfactor.in', '1234');
Insert into user_login values (142,'KL17@sqrfactor.in', '1234');
Insert into user_login values (143,'KL18@sqrfactor.in', '1234');
Insert into user_login values (144,'KL19@sqrfactor.in', '1234');
Insert into user_login values (145,'KL20@sqrfactor.in', '1234');
Insert into user_login values (146,'KL21@sqrfactor.in', '1234');
Insert into user_login values (147,'KL22@sqrfactor.in', '1234');
Insert into user_login values (148,'KL23@sqrfactor.in', '1234');
Insert into user_login values (149,'KL24@sqrfactor.in', '1234');
Insert into user_login values (150,'KL26@sqrfactor.in', '1234');
Insert into user_login values (151,'KL27@sqrfactor.in', '1234');
Insert into user_login values (152,'KL28@sqrfactor.in', '1234');
Insert into user_login values (153,'KL29@sqrfactor.in', '1234');
Insert into user_login values (154,'KL30@sqrfactor.in', '1234');
Insert into user_login values (155,'KL31@sqrfactor.in', '1234');
Insert into user_login values (156,'KL32@sqrfactor.in', '1234');
Insert into user_login values (157,'KL34@sqrfactor.in', '1234');
Insert into user_login values (158,'KL35@sqrfactor.in', '1234');
Insert into user_login values (159,'KL36@sqrfactor.in', '1234');
Insert into user_login values (160,'KL37@sqrfactor.in', '1234');
Insert into user_login values (161,'MH01@sqrfactor.in', '1234');
Insert into user_login values (162,'MH02@sqrfactor.in', '1234');
Insert into user_login values (163,'MH03@sqrfactor.in', '1234');
Insert into user_login values (164,'MH04@sqrfactor.in', '1234');
Insert into user_login values (165,'MH05@sqrfactor.in', '1234');
Insert into user_login values (166,'MH06@sqrfactor.in', '1234');
Insert into user_login values (167,'MH07@sqrfactor.in', '1234');
Insert into user_login values (168,'MH08@sqrfactor.in', '1234');
Insert into user_login values (169,'MH09@sqrfactor.in', '1234');
Insert into user_login values (170,'MH10@sqrfactor.in', '1234');
Insert into user_login values (171,'MH11@sqrfactor.in', '1234');
Insert into user_login values (172,'MH12@sqrfactor.in', '1234');
Insert into user_login values (173,'MH13@sqrfactor.in', '1234');
Insert into user_login values (174,'MH14@sqrfactor.in', '1234');
Insert into user_login values (175,'MH15@sqrfactor.in', '1234');
Insert into user_login values (176,'MH16@sqrfactor.in', '1234');
Insert into user_login values (177,'MH17@sqrfactor.in', '1234');
Insert into user_login values (178,'MH18@sqrfactor.in', '1234');
Insert into user_login values (179,'MH19@sqrfactor.in', '1234');
Insert into user_login values (180,'MH20@sqrfactor.in', '1234');
Insert into user_login values (181,'MH21@sqrfactor.in', '1234');
Insert into user_login values (182,'MH23@sqrfactor.in', '1234');
Insert into user_login values (183,'MH24@sqrfactor.in', '1234');
Insert into user_login values (184,'MH25@sqrfactor.in', '1234');
Insert into user_login values (185,'MH26@sqrfactor.in', '1234');
Insert into user_login values (186,'MH27@sqrfactor.in', '1234');
Insert into user_login values (187,'MH28@sqrfactor.in', '1234');
Insert into user_login values (188,'MH29@sqrfactor.in', '1234');
Insert into user_login values (189,'MH30@sqrfactor.in', '1234');
Insert into user_login values (190,'MH31@sqrfactor.in', '1234');
Insert into user_login values (191,'MH32@sqrfactor.in', '1234');
Insert into user_login values (192,'MH33@sqrfactor.in', '1234');
Insert into user_login values (193,'MH34@sqrfactor.in', '1234');
Insert into user_login values (194,'MH39@sqrfactor.in', '1234');
Insert into user_login values (195,'MH42@sqrfactor.in', '1234');
Insert into user_login values (196,'MH44@sqrfactor.in', '1234');
Insert into user_login values (197,'MH45@sqrfactor.in', '1234');
Insert into user_login values (198,'MH47@sqrfactor.in', '1234');
Insert into user_login values (199,'MH48@sqrfactor.in', '1234');
Insert into user_login values (200,'MH49@sqrfactor.in', '1234');
Insert into user_login values (201,'MH50@sqrfactor.in', '1234');
Insert into user_login values (202,'MH51@sqrfactor.in', '1234');
Insert into user_login values (203,'MH52@sqrfactor.in', '1234');
Insert into user_login values (204,'MH53@sqrfactor.in', '1234');
Insert into user_login values (205,'MH54@sqrfactor.in', '1234');
Insert into user_login values (206,'MH55@sqrfactor.in', '1234');
Insert into user_login values (207,'MH56@sqrfactor.in', '1234');
Insert into user_login values (208,'MH57@sqrfactor.in', '1234');
Insert into user_login values (209,'MH58@sqrfactor.in', '1234');
Insert into user_login values (210,'MH59@sqrfactor.in', '1234');
Insert into user_login values (211,'MH61@sqrfactor.in', '1234');
Insert into user_login values (212,'MH62@sqrfactor.in', '1234');
Insert into user_login values (213,'MH63@sqrfactor.in', '1234');
Insert into user_login values (214,'MH64@sqrfactor.in', '1234');
Insert into user_login values (215,'MH65@sqrfactor.in', '1234');
Insert into user_login values (216,'MH66@sqrfactor.in', '1234');
Insert into user_login values (217,'MH67@sqrfactor.in', '1234');
Insert into user_login values (218,'MH68@sqrfactor.in', '1234');
Insert into user_login values (219,'MH69@sqrfactor.in', '1234');
Insert into user_login values (220,'MH70@sqrfactor.in', '1234');
Insert into user_login values (221,'MH71@sqrfactor.in', '1234');
Insert into user_login values (222,'MH72@sqrfactor.in', '1234');
Insert into user_login values (223,'MH73@sqrfactor.in', '1234');
Insert into user_login values (224,'MH74@sqrfactor.in', '1234');
Insert into user_login values (225,'MH75@sqrfactor.in', '1234');
Insert into user_login values (226,'MH76@sqrfactor.in', '1234');
Insert into user_login values (227,'MH77@sqrfactor.in', '1234');
Insert into user_login values (228,'MH78@sqrfactor.in', '1234');
Insert into user_login values (229,'MH79@sqrfactor.in', '1234');
Insert into user_login values (230,'MH80@sqrfactor.in', '1234');
Insert into user_login values (231,'MH81@sqrfactor.in', '1234');
Insert into user_login values (232,'MH82@sqrfactor.in', '1234');
Insert into user_login values (233,'MH83@sqrfactor.in', '1234');
Insert into user_login values (234,'MH84@sqrfactor.in', '1234');
Insert into user_login values (235,'MH85@sqrfactor.in', '1234');
Insert into user_login values (236,'MH86@sqrfactor.in', '1234');
Insert into user_login values (237,'ML01@sqrfactor.in', '1234');
Insert into user_login values (238,'MP01@sqrfactor.in', '1234');
Insert into user_login values (239,'MP02@sqrfactor.in', '1234');
Insert into user_login values (240,'MP04@sqrfactor.in', '1234');
Insert into user_login values (241,'MP05@sqrfactor.in', '1234');
Insert into user_login values (242,'MP06@sqrfactor.in', '1234');
Insert into user_login values (243,'MP07@sqrfactor.in', '1234');
Insert into user_login values (244,'MP08@sqrfactor.in', '1234');
Insert into user_login values (245,'MP09@sqrfactor.in', '1234');
Insert into user_login values (246,'MP10@sqrfactor.in', '1234');
Insert into user_login values (247,'MP11@sqrfactor.in', '1234');
Insert into user_login values (248,'MZ01@sqrfactor.in', '1234');
Insert into user_login values (249,'OR01@sqrfactor.in', '1234');
Insert into user_login values (250,'OR02@sqrfactor.in', '1234');
Insert into user_login values (251,'OR03@sqrfactor.in', '1234');
Insert into user_login values (252,'OR04@sqrfactor.in', '1234');
Insert into user_login values (253,'OR05@sqrfactor.in', '1234');
Insert into user_login values (254,'OR06@sqrfactor.in', '1234');
Insert into user_login values (255,'OR07@sqrfactor.in', '1234');
Insert into user_login values (256,'PJ01@sqrfactor.in', '1234');
Insert into user_login values (257,'PJ02@sqrfactor.in', '1234');
Insert into user_login values (258,'PJ03@sqrfactor.in', '1234');
Insert into user_login values (259,'PJ04@sqrfactor.in', '1234');
Insert into user_login values (260,'PJ05@sqrfactor.in', '1234');
Insert into user_login values (261,'PJ06@sqrfactor.in', '1234');
Insert into user_login values (262,'PJ07@sqrfactor.in', '1234');
Insert into user_login values (263,'PJ08@sqrfactor.in', '1234');
Insert into user_login values (264,'PJ09@sqrfactor.in', '1234');
Insert into user_login values (265,'PJ10@sqrfactor.in', '1234');
Insert into user_login values (266,'PJ11@sqrfactor.in', '1234');
Insert into user_login values (267,'PJ12@sqrfactor.in', '1234');
Insert into user_login values (268,'PJ13@sqrfactor.in', '1234');
Insert into user_login values (269,'PJ14@sqrfactor.in', '1234');
Insert into user_login values (270,'RJ01@sqrfactor.in', '1234');
Insert into user_login values (271,'RJ02@sqrfactor.in', '1234');
Insert into user_login values (272,'RJ03@sqrfactor.in', '1234');
Insert into user_login values (273,'RJ04@sqrfactor.in', '1234');
Insert into user_login values (274,'RJ05@sqrfactor.in', '1234');
Insert into user_login values (275,'RJ06@sqrfactor.in', '1234');
Insert into user_login values (276,'RJ07@sqrfactor.in', '1234');
Insert into user_login values (277,'RJ09@sqrfactor.in', '1234');
Insert into user_login values (278,'RJ10@sqrfactor.in', '1234');
Insert into user_login values (279,'RJ12@sqrfactor.in', '1234');
Insert into user_login values (280,'RJ13@sqrfactor.in', '1234');
Insert into user_login values (281,'RJ14@sqrfactor.in', '1234');
Insert into user_login values (282,'RJ16@sqrfactor.in', '1234');
Insert into user_login values (283,'RJ18@sqrfactor.in', '1234');
Insert into user_login values (284,'TN01@sqrfactor.in', '1234');
Insert into user_login values (285,'TN02@sqrfactor.in', '1234');
Insert into user_login values (286,'TN03@sqrfactor.in', '1234');
Insert into user_login values (287,'TN05@sqrfactor.in', '1234');
Insert into user_login values (288,'TN06@sqrfactor.in', '1234');
Insert into user_login values (289,'TN07@sqrfactor.in', '1234');
Insert into user_login values (290,'TN08@sqrfactor.in', '1234');
Insert into user_login values (291,'TN09@sqrfactor.in', '1234');
Insert into user_login values (292,'TN10@sqrfactor.in', '1234');
Insert into user_login values (293,'TN11@sqrfactor.in', '1234');
Insert into user_login values (294,'TN12@sqrfactor.in', '1234');
Insert into user_login values (295,'TN13@sqrfactor.in', '1234');
Insert into user_login values (296,'TN14@sqrfactor.in', '1234');
Insert into user_login values (297,'TN15@sqrfactor.in', '1234');
Insert into user_login values (298,'TN16@sqrfactor.in', '1234');
Insert into user_login values (299,'TN17@sqrfactor.in', '1234');
Insert into user_login values (300,'TN18@sqrfactor.in', '1234');
Insert into user_login values (301,'TN19@sqrfactor.in', '1234');
Insert into user_login values (302,'TN20@sqrfactor.in', '1234');
Insert into user_login values (303,'TN21@sqrfactor.in', '1234');
Insert into user_login values (304,'TN22@sqrfactor.in', '1234');
Insert into user_login values (305,'TN23@sqrfactor.in', '1234');
Insert into user_login values (306,'TN24@sqrfactor.in', '1234');
Insert into user_login values (307,'TN26@sqrfactor.in', '1234');
Insert into user_login values (308,'TN27@sqrfactor.in', '1234');
Insert into user_login values (309,'TN28@sqrfactor.in', '1234');
Insert into user_login values (310,'TN29@sqrfactor.in', '1234');
Insert into user_login values (311,'TN30@sqrfactor.in', '1234');
Insert into user_login values (312,'TN31@sqrfactor.in', '1234');
Insert into user_login values (313,'TN32@sqrfactor.in', '1234');
Insert into user_login values (314,'TN33@sqrfactor.in', '1234');
Insert into user_login values (315,'TN34@sqrfactor.in', '1234');
Insert into user_login values (316,'TN35@sqrfactor.in', '1234');
Insert into user_login values (317,'TN36@sqrfactor.in', '1234');
Insert into user_login values (318,'TN37@sqrfactor.in', '1234');
Insert into user_login values (319,'TN39@sqrfactor.in', '1234');
Insert into user_login values (320,'TN40@sqrfactor.in', '1234');
Insert into user_login values (321,'TN41@sqrfactor.in', '1234');
Insert into user_login values (322,'TN42@sqrfactor.in', '1234');
Insert into user_login values (323,'TN43@sqrfactor.in', '1234');
Insert into user_login values (324,'TN44@sqrfactor.in', '1234');
Insert into user_login values (325,'TN45@sqrfactor.in', '1234');
Insert into user_login values (326,'TN46@sqrfactor.in', '1234');
Insert into user_login values (327,'TN48@sqrfactor.in', '1234');
Insert into user_login values (328,'TN49@sqrfactor.in', '1234');
Insert into user_login values (329,'TN50@sqrfactor.in', '1234');
Insert into user_login values (330,'TN51@sqrfactor.in', '1234');
Insert into user_login values (331,'TN52@sqrfactor.in', '1234');
Insert into user_login values (332,'TN53@sqrfactor.in', '1234');
Insert into user_login values (333,'TN55@sqrfactor.in', '1234');
Insert into user_login values (334,'TN56@sqrfactor.in', '1234');
Insert into user_login values (335,'TN58@sqrfactor.in', '1234');
Insert into user_login values (336,'TN59@sqrfactor.in', '1234');
Insert into user_login values (337,'TN60@sqrfactor.in', '1234');
Insert into user_login values (338,'TN61@sqrfactor.in', '1234');
Insert into user_login values (339,'TN62@sqrfactor.in', '1234');
Insert into user_login values (340,'TN64@sqrfactor.in', '1234');
Insert into user_login values (341,'TN66@sqrfactor.in', '1234');
Insert into user_login values (342,'TN68@sqrfactor.in', '1234');
Insert into user_login values (343,'TN69@sqrfactor.in', '1234');
Insert into user_login values (344,'TN70@sqrfactor.in', '1234');
Insert into user_login values (345,'TN71@sqrfactor.in', '1234');
Insert into user_login values (346,'TN72@sqrfactor.in', '1234');
Insert into user_login values (347,'TN73@sqrfactor.in', '1234');
Insert into user_login values (348,'TN74@sqrfactor.in', '1234');
Insert into user_login values (349,'TN75@sqrfactor.in', '1234');
Insert into user_login values (350,'TN76@sqrfactor.in', '1234');
Insert into user_login values (351,'TN77@sqrfactor.in', '1234');
Insert into user_login values (352,'TN78@sqrfactor.in', '1234');
Insert into user_login values (353,'TN79@sqrfactor.in', '1234');
Insert into user_login values (354,'TN80@sqrfactor.in', '1234');
Insert into user_login values (355,'TN81@sqrfactor.in', '1234');
Insert into user_login values (356,'TN82@sqrfactor.in', '1234');
Insert into user_login values (357,'TN83@sqrfactor.in', '1234');
Insert into user_login values (358,'TN84@sqrfactor.in', '1234');
Insert into user_login values (359,'TN85@sqrfactor.in', '1234');
Insert into user_login values (360,'TN86@sqrfactor.in', '1234');
Insert into user_login values (361,'TS01@sqrfactor.in', '1234');
Insert into user_login values (362,'TS02@sqrfactor.in', '1234');
Insert into user_login values (363,'TS03@sqrfactor.in', '1234');
Insert into user_login values (364,'TS04@sqrfactor.in', '1234');
Insert into user_login values (365,'TS05@sqrfactor.in', '1234');
Insert into user_login values (366,'TS06@sqrfactor.in', '1234');
Insert into user_login values (367,'TS07@sqrfactor.in', '1234');
Insert into user_login values (368,'TS08@sqrfactor.in', '1234');
Insert into user_login values (369,'TS09@sqrfactor.in', '1234');
Insert into user_login values (370,'TS10@sqrfactor.in', '1234');
Insert into user_login values (371,'TS11@sqrfactor.in', '1234');
Insert into user_login values (372,'TS12@sqrfactor.in', '1234');
Insert into user_login values (373,'UA01@sqrfactor.in', '1234');
Insert into user_login values (374,'UA02@sqrfactor.in', '1234');
Insert into user_login values (375,'UA03@sqrfactor.in', '1234');
Insert into user_login values (376,'UA04@sqrfactor.in', '1234');
Insert into user_login values (377,'UA05@sqrfactor.in', '1234');
Insert into user_login values (378,'UP01@sqrfactor.in', '1234');
Insert into user_login values (379,'UP02@sqrfactor.in', '1234');
Insert into user_login values (380,'UP03@sqrfactor.in', '1234');
Insert into user_login values (381,'UP04@sqrfactor.in', '1234');
Insert into user_login values (382,'UP05@sqrfactor.in', '1234');
Insert into user_login values (383,'UP06@sqrfactor.in', '1234');
Insert into user_login values (384,'UP07@sqrfactor.in', '1234');
Insert into user_login values (385,'UP08@sqrfactor.in', '1234');
Insert into user_login values (386,'UP09@sqrfactor.in', '1234');
Insert into user_login values (387,'UP10@sqrfactor.in', '1234');
Insert into user_login values (388,'UP11@sqrfactor.in', '1234');
Insert into user_login values (389,'UP12@sqrfactor.in', '1234');
Insert into user_login values (390,'UP13@sqrfactor.in', '1234');
Insert into user_login values (391,'UP14@sqrfactor.in', '1234');
Insert into user_login values (392,'UP15@sqrfactor.in', '1234');
Insert into user_login values (393,'UP16@sqrfactor.in', '1234');
Insert into user_login values (394,'UP17@sqrfactor.in', '1234');
Insert into user_login values (395,'UP18@sqrfactor.in', '1234');
Insert into user_login values (396,'UP20@sqrfactor.in', '1234');
Insert into user_login values (397,'UP21@sqrfactor.in', '1234');
Insert into user_login values (398,'UP22@sqrfactor.in', '1234');
Insert into user_login values (399,'UP23@sqrfactor.in', '1234');
Insert into user_login values (400,'UP24@sqrfactor.in', '1234');
Insert into user_login values (401,'UP25@sqrfactor.in', '1234');
Insert into user_login values (402,'UP26@sqrfactor.in', '1234');
Insert into user_login values (403,'UP27@sqrfactor.in', '1234');
Insert into user_login values (404,'UP29@sqrfactor.in', '1234');
Insert into user_login values (405,'UP30@sqrfactor.in', '1234');
Insert into user_login values (406,'UP31@sqrfactor.in', '1234');
Insert into user_login values (407,'UP32@sqrfactor.in', '1234');
Insert into user_login values (408,'UP33@sqrfactor.in', '1234');
Insert into user_login values (409,'UP34@sqrfactor.in', '1234');
Insert into user_login values (410,'UP35@sqrfactor.in', '1234');
Insert into user_login values (411,'UP36@sqrfactor.in', '1234');
Insert into user_login values (412,'UP37@sqrfactor.in', '1234');
Insert into user_login values (413,'UP38@sqrfactor.in', '1234');
Insert into user_login values (414,'UP41@sqrfactor.in', '1234');
Insert into user_login values (415,'UP42@sqrfactor.in', '1234');
Insert into user_login values (416,'UP43@sqrfactor.in', '1234');
Insert into user_login values (417,'UP44@sqrfactor.in', '1234');
Insert into user_login values (418,'WB01@sqrfactor.in', '1234');
Insert into user_login values (419,'WB02@sqrfactor.in', '1234');
Insert into user_login values (420,'WB03@sqrfactor.in', '1234');
Insert into user_login values (421,'WB04@sqrfactor.in', '1234');
Insert into user_login values (422,'WB05@sqrfactor.in', '1234');
Insert into user_login values (423,'WB06@sqrfactor.in', '1234');
Insert into user_login values (424,'WB07@sqrfactor.in', '1234');

/**-------------------Add College Accounts End--------------**/








